tour,year,season,event_name,event_id,player_name,dg_id,fin_text,round_num,course_name,course_num,course_par,start_hole,teetime,round_score,sg_putt,sg_arg,sg_app,sg_ott,sg_t2g,sg_total,driving_dist,driving_acc,gir,scrambling,prox_rgh,prox_fw,great_shots,poor_shots
pga,2023,2023,PGA Championship,33,"Koepka, Brooks",16243,1,1,Oak Hill Country Club,514,70,10,9:50am,72,0.235,1.84,-1.9,1.505,1.444,1.679,296.0,0.5,0.333,0.8,67.583,36.125,6,4
pga,2023,2023,PGA Championship,33,"Koepka, Brooks",16243,1,2,Oak Hill Country Club,514,70,1,1:25pm,66,0.668,1.569,2.253,2.33,6.152,6.821,306.0,0.571,0.611,0.75,82.806,19.381,8,1
pga,2023,2023,PGA Championship,33,"Koepka, Brooks",16243,1,3,Oak Hill Country Club,514,70,1,2:30pm,66,2.213,0.612,1.96,1.834,4.406,6.618,278.5,0.643,0.833,0.75,41.396,26.897,8,2
pga,2023,2023,PGA Championship,33,"Koepka, Brooks",16243,1,4,Oak Hill Country Club,514,70,1,2:30pm,67,1.011,0.491,3.023,-0.867,2.647,3.658,286.4,0.571,0.667,0.6,30.25,28.441,5,3
pga,2023,2023,PGA Championship,33,"Scheffler, Scottie",18417,T2,1,Oak Hill Country Club,514,70,10,9:50am,67,1.4,1.892,1.991,1.397,5.279,6.679,302.2,0.571,0.611,0.857,70.812,28.518,5,2
pga,2023,2023,PGA Championship,33,"Scheffler, Scottie",18417,T2,2,Oak Hill Country Club,514,70,1,1:25pm,68,1.109,0.439,2.277,0.996,3.711,4.821,296.3,0.429,0.667,0.667,56.222,26.292,4,0
pga,2023,2023,PGA Championship,33,"Scheffler, Scottie",18417,T2,3,Oak Hill Country Club,514,70,1,2:50pm,73,-2.023,-0.029,-0.73,2.401,1.642,-0.382,286.8,0.571,0.722,0.6,151.195,30.356,1,2
pga,2023,2023,PGA Championship,33,"Scheffler, Scottie",18417,T2,4,Oak Hill Country Club,514,70,1,2:10pm,65,1.024,1.302,1.755,1.577,4.633,5.658,300.9,0.786,0.833,0.75,61.833,22.5,7,3
pga,2023,2023,PGA Championship,33,"Hovland, Viktor",18841,T2,1,Oak Hill Country Club,514,70,10,10:12am,68,0.992,0.464,4.531,-0.308,4.688,5.679,303.3,0.429,0.722,1.0,31.056,20.701,6,2
pga,2023,2023,PGA Championship,33,"Hovland, Viktor",18841,T2,2,Oak Hill Country Club,514,70,1,1:47pm,67,1.156,0.353,2.932,1.38,4.664,5.821,294.9,0.5,0.722,0.667,36.375,23.288,6,2
pga,2023,2023,PGA Championship,33,"Hovland, Viktor",18841,T2,3,Oak Hill Country Club,514,70,1,2:40pm,70,-1.703,0.159,2.65,1.513,4.321,2.618,277.3,0.714,0.778,0.5,44.938,26.048,6,3
pga,2023,2023,PGA Championship,33,"Hovland, Viktor",18841,T2,4,Oak Hill Country Club,514,70,1,2:30pm,68,2.259,1.59,0.122,-1.313,0.399,2.658,284.6,0.5,0.611,1.0,54.5,22.691,4,5
pga,2023,2023,PGA Championship,33,"Davis, Cameron",17786,T4,1,Oak Hill Country Club,514,70,1,2:20pm,71,0.862,-0.082,0.485,1.414,1.818,2.679,298.6,0.5,0.667,0.5,99.889,24.917,6,5
pga,2023,2023,PGA Championship,33,"Davis, Cameron",17786,T4,2,Oak Hill Country Club,514,70,10,7:05am,70,-0.9,1.938,1.234,0.549,3.721,2.821,304.0,0.5,0.5,0.778,20.333,28.01,3,5
pga,2023,2023,PGA Championship,33,"Davis, Cameron",17786,T4,3,Oak Hill Country Club,514,70,1,1:10pm,71,-2.414,0.722,2.635,0.676,4.033,1.618,281.9,0.357,0.722,0.8,38.125,31.352,5,5
pga,2023,2023,PGA Championship,33,"Davis, Cameron",17786,T4,4,Oak Hill Country Club,514,70,1,12:50pm,65,1.412,1.595,0.113,2.537,4.246,5.658,298.0,0.714,0.611,0.75,72.611,28.111,7,2
pga,2023,2023,PGA Championship,33,"DeChambeau, Bryson",19841,T4,1,Oak Hill Country Club,514,70,10,10:56am,66,2.307,0.273,2.116,2.983,5.372,7.679,313.2,0.643,0.833,0.714,85.667,24.526,11,0
pga,2023,2023,PGA Championship,33,"DeChambeau, Bryson",19841,T4,2,Oak Hill Country Club,514,70,1,2:31pm,71,-1.877,-0.705,1.461,2.941,3.698,1.821,305.3,0.714,0.722,0.667,25.25,32.535,6,2
pga,2023,2023,PGA Championship,33,"DeChambeau, Bryson",19841,T4,3,Oak Hill Country Club,514,70,1,2:30pm,70,1.389,-0.571,0.871,0.929,1.229,2.618,296.4,0.429,0.667,0.667,42.771,31.814,5,1
pga,2023,2023,PGA Championship,33,"DeChambeau, Bryson",19841,T4,4,Oak Hill Country Club,514,70,1,2:20pm,70,0.065,0.242,0.278,0.073,0.593,0.658,310.6,0.429,0.722,0.5,30.104,33.886,2,3
pga,2023,2023,PGA Championship,33,"Kitayama, Kurt",21891,T4,1,Oak Hill Country Club,514,70,1,9:45am,70,0.924,0.699,2.104,-0.047,2.755,3.679,300.5,0.357,0.667,0.5,51.75,22.769,6,4
pga,2023,2023,PGA Championship,33,"Kitayama, Kurt",21891,T4,2,Oak Hill Country Club,514,70,10,1:20pm,71,0.07,-0.463,1.705,0.509,1.751,1.821,296.6,0.5,0.5,0.6,28.861,34.018,6,6
pga,2023,2023,PGA Championship,33,"Kitayama, Kurt",21891,T4,3,Oak Hill Country Club,514,70,1,12:30pm,71,0.936,1.072,-0.763,0.373,0.682,1.618,273.2,0.357,0.611,0.714,89.37,25.991,2,2
pga,2023,2023,PGA Championship,33,"Kitayama, Kurt",21891,T4,4,Oak Hill Country Club,514,70,1,1:00pm,65,2.473,0.181,2.914,0.09,3.185,5.658,293.5,0.571,0.778,0.8,30.694,23.792,4,1
pga,2023,2023,PGA Championship,33,"McIlroy, Rory",10091,T7,1,Oak Hill Country Club,514,70,10,10:01am,71,-1.2,1.258,2.721,-0.1,3.879,2.679,303.0,0.143,0.611,0.625,53.042,34.302,6,3
pga,2023,2023,PGA Championship,33,"McIlroy, Rory",10091,T7,2,Oak Hill Country Club,514,70,1,1:36pm,69,2.364,0.491,1.482,-0.516,1.456,3.821,307.1,0.357,0.667,0.857,36.067,27.108,4,3
pga,2023,2023,PGA Championship,33,"McIlroy, Rory",10091,T7,3,Oak Hill Country Club,514,70,1,1:40pm,69,0.62,-0.103,1.223,1.878,2.999,3.618,299.6,0.429,0.556,0.6,67.625,29.222,9,5
pga,2023,2023,PGA Championship,33,"McIlroy, Rory",10091,T7,4,Oak Hill Country Club,514,70,1,2:00pm,69,-0.139,-1.095,1.152,1.74,1.797,1.658,301.6,0.714,0.833,0.2,18.042,26.711,5,2
pga,2023,2023,PGA Championship,33,"Straka, Sepp",17511,T7,1,Oak Hill Country Club,514,70,10,2:48pm,69,-1.884,-0.496,4.962,2.098,6.564,4.679,304.4,0.643,0.944,0.0,22.292,21.674,10,3
pga,2023,2023,PGA Championship,33,"Straka, Sepp",17511,T7,2,Oak Hill Country Club,514,70,1,7:33am,71,-0.214,-0.055,0.393,1.697,2.035,1.821,302.8,0.5,0.778,0.6,69.533,28.236,3,2
pga,2023,2023,PGA Championship,33,"Straka, Sepp",17511,T7,3,Oak Hill Country Club,514,70,1,2:00pm,73,0.531,-0.615,3.006,-3.304,-0.913,-0.382,270.2,0.429,0.556,0.333,19.283,25.346,7,9
pga,2023,2023,PGA Championship,33,"Straka, Sepp",17511,T7,4,Oak Hill Country Club,514,70,1,12:30pm,65,1.696,0.931,1.658,1.373,3.962,5.658,292.3,0.786,0.722,0.714,23.167,25.938,9,2
pga,2023,2023,PGA Championship,33,"Rose, Justin",6093,T9,1,Oak Hill Country Club,514,70,1,4:21pm,69,0.52,2.594,1.074,0.491,4.159,4.679,298.0,0.357,0.611,0.5,53.083,28.133,8,3
pga,2023,2023,PGA Championship,33,"Rose, Justin",6093,T9,2,Oak Hill Country Club,514,70,10,9:06am,70,2.428,0.957,1.441,-2.005,0.392,2.821,288.4,0.143,0.5,0.667,60.717,32.479,3,3
pga,2023,2023,PGA Championship,33,"Rose, Justin",6093,T9,3,Oak Hill Country Club,514,70,1,2:10pm,69,2.817,-1.189,1.852,0.14,0.802,3.618,272.8,0.357,0.722,0.4,69.8,26.812,5,2
pga,2023,2023,PGA Championship,33,"Rose, Justin",6093,T9,4,Oak Hill Country Club,514,70,1,2:10pm,71,-1.266,-0.322,2.538,-1.292,0.924,-0.342,292.0,0.429,0.556,0.5,48.694,17.542,8,8
pga,2023,2023,PGA Championship,33,"Cantlay, Patrick",15466,T9,1,Oak Hill Country Club,514,70,1,3:48pm,74,-0.488,0.947,0.032,-0.811,0.168,-0.321,303.8,0.5,0.5,0.556,132.083,30.738,5,4
pga,2023,2023,PGA Championship,33,"Cantlay, Patrick",15466,T9,2,Oak Hill Country Club,514,70,10,8:33am,67,0.52,0.23,2.561,2.509,5.301,5.821,298.9,0.786,0.778,0.667,35.833,25.021,7,2
pga,2023,2023,PGA Championship,33,"Cantlay, Patrick",15466,T9,3,Oak Hill Country Club,514,70,1,1:00pm,72,-0.413,-2.105,0.355,2.782,1.032,0.618,277.4,0.857,0.778,0.429,26.167,33.917,4,4
pga,2023,2023,PGA Championship,33,"Cantlay, Patrick",15466,T9,4,Oak Hill Country Club,514,70,1,12:40pm,66,1.284,0.2,0.85,2.324,3.374,4.658,306.0,0.714,0.778,0.667,61.5,26.146,6,2
pga,2023,2023,PGA Championship,33,"Smith, Cameron",15856,T9,1,Oak Hill Country Club,514,70,10,10:23am,72,0.096,1.072,0.497,0.015,1.584,1.679,292.4,0.429,0.556,0.571,146.875,30.113,4,4
pga,2023,2023,PGA Championship,33,"Smith, Cameron",15856,T9,2,Oak Hill Country Club,514,70,1,1:58pm,72,0.429,2.564,0.382,-2.554,0.391,0.821,281.2,0.286,0.389,0.818,47.229,41.108,5,7
pga,2023,2023,PGA Championship,33,"Smith, Cameron",15856,T9,3,Oak Hill Country Club,514,70,1,10:00am,70,2.533,-1.267,1.431,-0.079,0.085,2.618,263.3,0.357,0.667,0.714,32.702,36.629,3,1
pga,2023,2023,PGA Championship,33,"Smith, Cameron",15856,T9,4,Oak Hill Country Club,514,70,1,12:00pm,65,4.553,0.046,0.859,0.201,1.105,5.658,294.9,0.5,0.722,0.75,29.812,26.818,7,0
pga,2023,2023,PGA Championship,33,"Lowry, Shane",13900,T12,1,Oak Hill Country Club,514,70,10,10:12am,73,-0.203,-0.951,0.815,1.019,0.883,0.679,289.6,0.5,0.611,0.556,98.1,24.763,4,3
pga,2023,2023,PGA Championship,33,"Lowry, Shane",13900,T12,2,Oak Hill Country Club,514,70,1,1:47pm,67,3.163,0.264,2.354,0.039,2.657,5.821,293.6,0.357,0.722,0.6,102.233,24.385,8,2
pga,2023,2023,PGA Championship,33,"Lowry, Shane",13900,T12,3,Oak Hill Country Club,514,70,1,1:40pm,71,-0.845,1.072,1.746,-0.355,2.464,1.618,273.6,0.5,0.611,0.714,47.125,34.422,5,4
pga,2023,2023,PGA Championship,33,"Lowry, Shane",13900,T12,4,Oak Hill Country Club,514,70,1,1:20pm,69,-1.717,-0.035,1.308,2.103,3.375,1.658,298.6,0.714,0.833,0.5,74.208,23.143,4,3
pga,2023,2023,PGA Championship,33,"Conners, Corey",17576,T12,1,Oak Hill Country Club,514,70,1,9:56am,67,3.427,0.192,2.197,0.864,3.253,6.679,300.6,0.5,0.722,0.714,67.833,26.1,6,2
pga,2023,2023,PGA Championship,33,"Conners, Corey",17576,T12,2,Oak Hill Country Club,514,70,10,1:31pm,68,1.681,0.459,1.961,0.72,3.14,4.821,291.6,0.357,0.611,0.714,76.262,24.553,2,5
pga,2023,2023,PGA Championship,33,"Conners, Corey",17576,T12,3,Oak Hill Country Club,514,70,1,2:50pm,70,-0.101,0.588,0.601,1.531,2.72,2.618,283.6,0.571,0.778,0.6,65.167,32.851,2,2
pga,2023,2023,PGA Championship,33,"Conners, Corey",17576,T12,4,Oak Hill Country Club,514,70,1,2:20pm,75,-0.16,0.495,-2.716,-1.962,-4.182,-4.342,294.1,0.357,0.333,0.545,69.097,36.09,3,7
pga,2023,2023,PGA Championship,33,"Perez, Victor",20730,T12,1,Oak Hill Country Club,514,70,10,3:54pm,70,0.051,1.31,1.429,0.89,3.629,3.679,302.8,0.429,0.722,0.667,62.938,30.507,4,2
pga,2023,2023,PGA Championship,33,"Perez, Victor",20730,T12,2,Oak Hill Country Club,514,70,1,8:39am,72,0.893,-0.839,1.923,-1.157,-0.072,0.821,284.1,0.571,0.556,0.6,12.25,30.318,4,5
pga,2023,2023,PGA Championship,33,"Perez, Victor",20730,T12,3,Oak Hill Country Club,514,70,1,12:10pm,69,1.944,0.506,0.512,0.656,1.674,3.618,265.0,0.786,0.722,0.5,95.833,32.182,5,3
pga,2023,2023,PGA Championship,33,"Perez, Victor",20730,T12,4,Oak Hill Country Club,514,70,1,1:30pm,69,4.738,-1.846,1.36,-2.594,-3.08,1.658,274.0,0.429,0.722,0.4,33.562,29.186,5,6
pga,2023,2023,PGA Championship,33,"Block, Michael",12333,T15,1,Oak Hill Country Club,514,70,1,2:31pm,70,1.606,0.184,0.357,1.533,2.074,3.679,295.3,0.571,0.5,0.545,80.9,32.962,5,4
pga,2023,2023,PGA Championship,33,"Block, Michael",12333,T15,2,Oak Hill Country Club,514,70,10,7:16am,70,1.408,-0.652,0.154,1.911,1.412,2.821,289.8,0.786,0.556,0.625,61.0,40.897,5,2
pga,2023,2023,PGA Championship,33,"Block, Michael",12333,T15,3,Oak Hill Country Club,514,70,1,2:10pm,70,3.263,-1.481,1.643,-0.806,-0.645,2.618,253.4,0.571,0.722,0.6,37.542,28.298,4,5
pga,2023,2023,PGA Championship,33,"Block, Michael",12333,T15,4,Oak Hill Country Club,514,70,1,2:00pm,71,-0.07,1.032,0.532,-1.836,-0.272,-0.342,273.8,0.571,0.611,0.667,89.833,27.372,1,4
pga,2023,2023,PGA Championship,33,"Hatton, Tyrrell",14796,T15,1,Oak Hill Country Club,514,70,1,3:37pm,77,-1.286,-1.702,1.064,-1.397,-2.035,-3.321,299.0,0.357,0.5,0.333,28.283,30.151,3,8
pga,2023,2023,PGA Championship,33,"Hatton, Tyrrell",14796,T15,2,Oak Hill Country Club,514,70,10,8:22am,68,2.284,0.934,0.326,1.276,2.536,4.821,296.4,0.5,0.556,0.857,144.0,28.858,7,2
pga,2023,2023,PGA Championship,33,"Hatton, Tyrrell",14796,T15,3,Oak Hill Country Club,514,70,1,9:10am,69,1.175,1.044,0.584,0.815,2.444,3.618,273.7,0.357,0.611,1.0,94.533,26.762,3,0
pga,2023,2023,PGA Championship,33,"Hatton, Tyrrell",14796,T15,4,Oak Hill Country Club,514,70,1,12:10pm,67,1.48,1.017,0.227,0.934,2.178,3.658,304.3,0.571,0.722,0.8,30.0,32.434,5,4
pga,2023,2023,PGA Championship,33,"Cole, Eric",21756,T15,1,Oak Hill Country Club,514,70,10,4:27pm,67,1.796,2.038,2.325,0.52,4.884,6.679,300.4,0.5,0.722,1.0,32.361,22.554,9,3
pga,2023,2023,PGA Championship,33,"Cole, Eric",21756,T15,2,Oak Hill Country Club,514,70,1,9:12am,74,-0.764,1.409,-0.847,-0.977,-0.415,-1.179,299.2,0.286,0.389,0.727,46.607,38.383,4,5
pga,2023,2023,PGA Championship,33,"Cole, Eric",21756,T15,3,Oak Hill Country Club,514,70,1,12:50pm,70,-0.197,1.462,-0.09,1.444,2.815,2.618,271.1,0.643,0.667,0.667,40.979,37.84,3,4
pga,2023,2023,PGA Championship,33,"Cole, Eric",21756,T15,4,Oak Hill Country Club,514,70,1,1:20pm,70,-0.783,0.025,1.073,0.342,1.441,0.658,291.4,0.429,0.889,0.0,55.883,29.618,0,2
pga,2023,2023,PGA Championship,33,"Fleetwood, Tommy",12294,T18,1,Oak Hill Country Club,514,70,1,3:15pm,72,-1.5,-0.103,1.465,1.817,3.179,1.679,305.3,0.714,0.778,0.167,37.944,29.513,7,6
pga,2023,2023,PGA Championship,33,"Fleetwood, Tommy",12294,T18,2,Oak Hill Country Club,514,70,10,8:00am,71,-1.031,1.887,-0.242,1.207,2.851,1.821,301.5,0.5,0.611,0.625,43.611,28.821,4,1
pga,2023,2023,PGA Championship,33,"Fleetwood, Tommy",12294,T18,3,Oak Hill Country Club,514,70,1,11:30am,68,1.859,1.079,1.197,0.484,2.76,4.618,272.4,0.5,0.722,1.0,80.958,34.886,5,2
pga,2023,2023,PGA Championship,33,"Fleetwood, Tommy",12294,T18,4,Oak Hill Country Club,514,70,1,1:50pm,71,1.839,-1.034,-0.428,-0.719,-2.181,-0.342,291.9,0.357,0.556,0.455,69.533,32.868,1,5
pga,2023,2023,PGA Championship,33,"Reed, Patrick",14838,T18,1,Oak Hill Country Club,514,70,1,2:53pm,72,0.211,1.298,-0.774,0.945,1.469,1.679,297.4,0.357,0.611,0.75,78.698,32.133,3,3
pga,2023,2023,PGA Championship,33,"Reed, Patrick",14838,T18,2,Oak Hill Country Club,514,70,10,7:38am,71,1.727,0.214,1.558,-1.677,0.094,1.821,293.9,0.286,0.556,0.75,33.655,21.648,1,4
pga,2023,2023,PGA Championship,33,"Reed, Patrick",14838,T18,3,Oak Hill Country Club,514,70,1,11:30am,69,4.129,0.921,-0.981,-0.45,-0.51,3.618,258.7,0.357,0.5,1.0,79.431,44.403,3,2
pga,2023,2023,PGA Championship,33,"Reed, Patrick",14838,T18,4,Oak Hill Country Club,514,70,1,1:10pm,70,0.571,-0.232,-0.329,0.648,0.087,0.658,290.7,0.643,0.778,0.571,42.25,31.5,2,2
pga,2023,2023,PGA Championship,33,"Lee, Min Woo",16841,T18,1,Oak Hill Country Club,514,70,10,9:17am,73,2.838,-0.951,-2.877,1.67,-2.158,0.679,307.4,0.357,0.5,0.545,82.5,46.742,7,3
pga,2023,2023,PGA Championship,33,"Lee, Min Woo",16841,T18,2,Oak Hill Country Club,514,70,1,12:52pm,67,3.575,1.711,-0.604,1.138,2.246,5.821,304.5,0.357,0.556,0.8,46.688,37.156,9,4
pga,2023,2023,PGA Championship,33,"Lee, Min Woo",16841,T18,3,Oak Hill Country Club,514,70,1,1:50pm,71,-0.526,2.239,-0.233,0.138,2.144,1.618,287.9,0.429,0.556,0.875,100.229,31.763,5,3
pga,2023,2023,PGA Championship,33,"Lee, Min Woo",16841,T18,4,Oak Hill Country Club,514,70,1,1:10pm,71,0.197,1.027,0.188,-1.754,-0.539,-0.342,303.1,0.286,0.556,0.556,66.767,29.812,4,8
pga,2023,2023,PGA Championship,33,"Pereira, Mito",19455,T18,1,Oak Hill Country Club,514,70,1,3:59pm,72,-0.676,0.234,0.583,1.538,2.356,1.679,309.9,0.5,0.667,0.571,71.528,30.75,4,1
pga,2023,2023,PGA Championship,33,"Pereira, Mito",19455,T18,2,Oak Hill Country Club,514,70,10,8:44am,69,1.379,0.577,0.626,1.239,2.442,3.821,299.0,0.5,0.667,0.714,83.533,27.146,2,1
pga,2023,2023,PGA Championship,33,"Pereira, Mito",19455,T18,3,Oak Hill Country Club,514,70,1,1:00pm,74,-2.454,-0.992,0.942,1.122,1.072,-1.382,282.5,0.429,0.556,0.556,63.361,33.104,3,3
pga,2023,2023,PGA Championship,33,"Pereira, Mito",19455,T18,4,Oak Hill Country Club,514,70,1,11:00am,67,-1.063,1.655,1.837,1.229,4.721,3.658,298.9,0.643,0.722,0.5,36.375,21.944,6,3
pga,2023,2023,PGA Championship,33,"Schauffele, Xander",19895,T18,1,Oak Hill Country Club,514,70,1,3:37pm,72,1.32,-0.519,0.349,0.529,0.359,1.679,303.4,0.429,0.611,0.5,77.617,29.515,7,2
pga,2023,2023,PGA Championship,33,"Schauffele, Xander",19895,T18,2,Oak Hill Country Club,514,70,10,8:22am,72,0.303,-0.891,0.569,0.839,0.517,0.821,300.9,0.286,0.722,0.375,60.381,35.308,2,4
pga,2023,2023,PGA Championship,33,"Schauffele, Xander",19895,T18,3,Oak Hill Country Club,514,70,1,10:20am,71,0.698,-0.227,-0.349,1.496,0.92,1.618,275.8,0.571,0.667,0.6,63.562,33.798,2,1
pga,2023,2023,PGA Championship,33,"Schauffele, Xander",19895,T18,4,Oak Hill Country Club,514,70,1,11:20am,67,1.678,-0.057,1.274,0.763,1.98,3.658,291.6,0.571,0.833,0.75,38.167,26.365,5,3
pga,2023,2023,PGA Championship,33,"Fox, Ryan",11889,T23,1,Oak Hill Country Club,514,70,1,9:23am,68,3.593,1.318,-0.627,1.396,2.087,5.679,308.4,0.5,0.5,0.9,67.607,34.356,8,2
pga,2023,2023,PGA Championship,33,"Fox, Ryan",11889,T23,2,Oak Hill Country Club,514,70,10,12:58pm,73,1.414,-0.484,0.022,-1.131,-1.593,-0.179,297.7,0.357,0.556,0.571,38.071,33.12,4,4
pga,2023,2023,PGA Championship,33,"Fox, Ryan",11889,T23,3,Oak Hill Country Club,514,70,1,12:50pm,71,0.851,1.509,-1.567,0.825,0.767,1.618,277.2,0.286,0.444,0.8,90.194,39.243,2,3
pga,2023,2023,PGA Championship,33,"Fox, Ryan",11889,T23,4,Oak Hill Country Club,514,70,1,1:00pm,71,-3.074,-0.407,2.665,0.474,2.732,-0.342,299.1,0.5,0.778,0.167,44.0,30.452,4,5
pga,2023,2023,PGA Championship,33,"NeSmith, Matthew",16433,T23,1,Oak Hill Country Club,514,70,10,11:07am,70,0.157,1.385,0.889,1.248,3.522,3.679,285.9,0.643,0.611,0.5,42.833,36.345,5,2
pga,2023,2023,PGA Championship,33,"NeSmith, Matthew",16433,T23,2,Oak Hill Country Club,514,70,1,2:42pm,70,0.839,-0.782,1.227,1.536,1.982,2.821,291.4,0.571,0.722,0.5,48.417,27.489,4,2
pga,2023,2023,PGA Championship,33,"NeSmith, Matthew",16433,T23,3,Oak Hill Country Club,514,70,1,1:20pm,74,-1.315,0.938,-0.336,-0.668,-0.067,-1.382,264.6,0.429,0.556,0.75,63.167,36.439,1,4
pga,2023,2023,PGA Championship,33,"NeSmith, Matthew",16433,T23,4,Oak Hill Country Club,514,70,1,11:40am,69,1.818,0.411,-0.921,0.351,-0.16,1.658,283.6,0.571,0.667,0.667,39.667,30.839,4,2
pga,2023,2023,PGA Championship,33,"Smalley, Alex",18474,T23,1,Oak Hill Country Club,514,70,1,3:59pm,73,0.209,-0.909,0.859,0.52,0.47,0.679,301.9,0.357,0.5,0.625,72.264,34.715,8,4
pga,2023,2023,PGA Championship,33,"Smalley, Alex",18474,T23,2,Oak Hill Country Club,514,70,10,8:44am,72,-2.319,0.496,1.422,1.222,3.14,0.821,301.9,0.5,0.611,0.714,69.417,31.897,7,8
pga,2023,2023,PGA Championship,33,"Smalley, Alex",18474,T23,3,Oak Hill Country Club,514,70,1,9:00am,70,-0.522,0.753,1.662,0.725,3.14,2.618,278.0,0.571,0.778,1.0,64.556,29.827,5,4
pga,2023,2023,PGA Championship,33,"Smalley, Alex",18474,T23,4,Oak Hill Country Club,514,70,1,11:30am,68,2.449,0.377,-1.087,0.919,0.209,2.658,286.1,0.643,0.611,0.667,10.667,38.151,4,2
pga,2023,2023,PGA Championship,33,"Suh, Justin",22050,T26,1,Oak Hill Country Club,514,70,1,10:51am,69,0.701,2.357,0.76,0.861,3.978,4.679,287.8,0.571,0.667,1.0,44.688,31.202,6,3
pga,2023,2023,PGA Championship,33,"Suh, Justin",22050,T26,2,Oak Hill Country Club,514,70,10,2:26pm,68,1.019,1.988,1.378,0.436,3.802,4.821,286.5,0.5,0.611,0.857,39.688,37.792,6,1
pga,2023,2023,PGA Championship,33,"Suh, Justin",22050,T26,3,Oak Hill Country Club,514,70,1,2:40pm,73,1.133,-1.115,-0.142,-0.257,-1.514,-0.382,264.2,0.643,0.5,0.75,118.889,30.76,2,4
pga,2023,2023,PGA Championship,33,"Suh, Justin",22050,T26,4,Oak Hill Country Club,514,70,1,1:50pm,74,0.629,-3.07,-1.432,0.531,-3.971,-3.342,293.2,0.286,0.667,0.444,43.292,39.994,4,3
pga,2023,2023,PGA Championship,33,"Morikawa, Collin",22085,T26,1,Oak Hill Country Club,514,70,10,10:01am,71,2.562,1.212,-0.464,-0.631,0.118,2.679,294.4,0.5,0.5,0.833,46.5,39.383,2,3
pga,2023,2023,PGA Championship,33,"Morikawa, Collin",22085,T26,2,Oak Hill Country Club,514,70,1,1:36pm,70,1.081,-0.416,1.677,0.479,1.74,2.821,295.3,0.571,0.556,0.375,57.125,27.16,3,1
pga,2023,2023,PGA Championship,33,"Morikawa, Collin",22085,T26,3,Oak Hill Country Club,514,70,1,12:20pm,74,-0.989,-0.024,0.913,-1.281,-0.392,-1.382,275.3,0.571,0.667,0.333,106.778,34.372,3,4
pga,2023,2023,PGA Championship,33,"Morikawa, Collin",22085,T26,4,Oak Hill Country Club,514,70,1,11:10am,69,-2.261,0.74,2.188,0.991,3.919,1.658,291.3,0.571,0.778,0.667,27.458,27.572,4,3
pga,2023,2023,PGA Championship,33,"Buckley, Hayden",25363,T26,1,Oak Hill Country Club,514,70,1,2:31pm,69,-0.906,1.752,1.863,1.971,5.586,4.679,304.4,0.5,0.611,0.625,46.958,28.423,7,4
pga,2023,2023,PGA Championship,33,"Buckley, Hayden",25363,T26,2,Oak Hill Country Club,514,70,10,7:16am,74,1.21,-2.722,-1.24,1.573,-2.39,-1.179,297.5,0.571,0.556,0.571,63.883,35.508,6,4
pga,2023,2023,PGA Championship,33,"Buckley, Hayden",25363,T26,3,Oak Hill Country Club,514,70,1,11:40am,71,1.84,0.432,-0.375,-0.278,-0.221,1.618,260.6,0.5,0.556,0.667,44.458,35.672,3,4
pga,2023,2023,PGA Championship,33,"Buckley, Hayden",25363,T26,4,Oak Hill Country Club,514,70,1,12:00pm,70,0.508,-1.079,1.145,0.085,0.15,0.658,297.2,0.5,0.722,0.429,54.417,26.308,4,4
pga,2023,2023,PGA Championship,33,"Scott, Adam",6430,T29,1,Oak Hill Country Club,514,70,1,3:26pm,68,0.645,-0.397,2.435,2.996,5.035,5.679,320.2,0.643,0.889,0.2,58.333,24.208,11,3
pga,2023,2023,PGA Championship,33,"Scott, Adam",6430,T29,2,Oak Hill Country Club,514,70,10,8:11am,74,0.738,-0.643,-0.949,-0.326,-1.918,-1.179,314.6,0.286,0.5,0.7,67.875,34.385,1,6
pga,2023,2023,PGA Championship,33,"Scott, Adam",6430,T29,3,Oak Hill Country Club,514,70,1,12:20pm,74,-1.068,-0.349,-1.143,1.179,-0.313,-1.382,284.9,0.429,0.611,0.444,67.202,39.317,5,1
pga,2023,2023,PGA Championship,33,"Scott, Adam",6430,T29,4,Oak Hill Country Club,514,70,1,10:10am,69,-0.426,-0.245,3.108,-0.779,2.084,1.658,305.0,0.5,0.556,0.571,67.222,19.506,4,7
pga,2023,2023,PGA Championship,33,"Kirk, Chris",12423,T29,1,Oak Hill Country Club,514,70,10,3:32pm,70,0.233,1.354,0.787,1.305,3.446,3.679,295.0,0.643,0.667,0.667,145.583,30.786,6,1
pga,2023,2023,PGA Championship,33,"Kirk, Chris",12423,T29,2,Oak Hill Country Club,514,70,1,8:17am,75,-0.841,0.856,-1.142,-1.052,-1.339,-2.179,284.2,0.429,0.333,0.75,99.767,29.045,5,5
pga,2023,2023,PGA Championship,33,"Kirk, Chris",12423,T29,3,Oak Hill Country Club,514,70,1,9:20am,69,1.319,0.279,2.015,0.005,2.299,3.618,271.4,0.5,0.667,0.6,53.167,28.5,4,2
pga,2023,2023,PGA Championship,33,"Kirk, Chris",12423,T29,4,Oak Hill Country Club,514,70,1,12:10pm,71,-0.984,0.112,0.52,0.01,0.642,-0.342,292.6,0.571,0.611,0.667,38.317,25.514,4,5
pga,2023,2023,PGA Championship,33,"Lee, Kyounghoon",13497,T29,1,Oak Hill Country Club,514,70,1,9:23am,73,-0.689,-0.064,0.906,0.527,1.369,0.679,295.9,0.429,0.778,0.5,91.917,26.038,3,3
pga,2023,2023,PGA Championship,33,"Lee, Kyounghoon",13497,T29,2,Oak Hill Country Club,514,70,10,12:58pm,68,2.018,1.206,0.766,0.83,2.802,4.821,297.2,0.5,0.667,1.0,49.917,30.089,6,4
pga,2023,2023,PGA Championship,33,"Lee, Kyounghoon",13497,T29,3,Oak Hill Country Club,514,70,1,12:40pm,75,-1.211,-1.378,0.41,-0.203,-1.17,-2.382,264.6,0.429,0.611,0.571,175.5,29.45,3,5
pga,2023,2023,PGA Championship,33,"Lee, Kyounghoon",13497,T29,4,Oak Hill Country Club,514,70,1,9:50am,69,3.571,0.278,-2.103,-0.089,-1.913,1.658,285.4,0.5,0.444,0.7,108.417,31.167,5,3
pga,2023,2023,PGA Championship,33,"Matsuyama, Hideki",13562,T29,1,Oak Hill Country Club,514,70,1,3:15pm,72,0.12,0.935,2.389,-1.764,1.56,1.679,294.8,0.357,0.556,0.714,52.667,24.139,4,4
pga,2023,2023,PGA Championship,33,"Matsuyama, Hideki",13562,T29,2,Oak Hill Country Club,514,70,10,8:00am,71,-0.155,0.318,1.204,0.453,1.976,1.821,290.5,0.5,0.5,0.778,61.25,20.601,3,1
pga,2023,2023,PGA Championship,33,"Matsuyama, Hideki",13562,T29,3,Oak Hill Country Club,514,70,1,11:20am,70,-1.757,2.419,0.911,1.045,4.375,2.618,263.3,0.643,0.611,0.714,69.229,23.47,3,1
pga,2023,2023,PGA Championship,33,"Matsuyama, Hideki",13562,T29,4,Oak Hill Country Club,514,70,1,12:50pm,72,-3.832,0.692,0.414,1.384,2.49,-1.342,296.1,0.786,0.778,0.4,43.458,28.078,2,5
pga,2023,2023,PGA Championship,33,"Bradley, Keegan",13872,T29,1,Oak Hill Country Club,514,70,10,10:56am,68,3.528,-1.509,2.241,1.419,2.152,5.679,297.4,0.429,0.722,0.25,45.583,33.694,7,2
pga,2023,2023,PGA Championship,33,"Bradley, Keegan",13872,T29,2,Oak Hill Country Club,514,70,1,2:31pm,72,1.09,0.384,0.524,-1.177,-0.269,0.821,301.4,0.357,0.611,1.0,105.357,35.583,4,4
pga,2023,2023,PGA Championship,33,"Bradley, Keegan",13872,T29,3,Oak Hill Country Club,514,70,1,1:20pm,74,-3.075,1.649,0.694,-0.65,1.693,-1.382,276.9,0.643,0.611,0.667,62.125,25.322,2,5
pga,2023,2023,PGA Championship,33,"Bradley, Keegan",13872,T29,4,Oak Hill Country Club,514,70,1,11:40am,71,0.535,-0.105,-2.269,1.498,-0.877,-0.342,292.1,0.786,0.5,0.4,56.167,39.222,4,8
pga,2023,2023,PGA Championship,33,"Spieth, Jordan",14636,T29,1,Oak Hill Country Club,514,70,10,10:12am,73,-1.471,0.199,1.181,0.77,2.15,0.679,303.4,0.429,0.611,0.444,84.5,31.048,4,4
pga,2023,2023,PGA Championship,33,"Spieth, Jordan",14636,T29,2,Oak Hill Country Club,514,70,1,1:47pm,72,-0.803,-1.297,1.076,1.844,1.623,0.821,298.9,0.571,0.556,0.545,44.083,29.756,5,5
pga,2023,2023,PGA Championship,33,"Spieth, Jordan",14636,T29,3,Oak Hill Country Club,514,70,1,8:30am,71,2.231,-1.362,-0.996,1.745,-0.613,1.618,283.9,0.429,0.611,0.556,55.583,35.224,5,1
pga,2023,2023,PGA Championship,33,"Spieth, Jordan",14636,T29,4,Oak Hill Country Club,514,70,1,10:50am,69,-1.207,0.01,1.3,1.555,2.865,1.658,300.6,0.643,0.889,0.5,2.333,26.763,3,3
pga,2023,2023,PGA Championship,33,"Rodgers, Patrick",16283,T29,1,Oak Hill Country Club,514,70,1,4:32pm,70,-0.451,0.904,1.671,1.555,4.131,3.679,306.1,0.429,0.778,0.75,49.031,30.833,4,0
pga,2023,2023,PGA Championship,33,"Rodgers, Patrick",16283,T29,2,Oak Hill Country Club,514,70,10,9:17am,75,-0.932,-0.283,-2.657,1.693,-1.247,-2.179,306.6,0.429,0.5,0.364,72.733,41.909,4,3
pga,2023,2023,PGA Championship,33,"Rodgers, Patrick",16283,T29,3,Oak Hill Country Club,514,70,1,8:50am,72,-0.545,0.449,0.146,0.568,1.163,0.618,278.7,0.429,0.667,0.75,42.083,31.875,3,3
pga,2023,2023,PGA Championship,33,"Rodgers, Patrick",16283,T29,4,Oak Hill Country Club,514,70,1,9:40am,68,3.199,-0.57,-0.378,0.407,-0.541,2.658,296.7,0.5,0.611,0.571,102.479,22.887,5,3
pga,2023,2023,PGA Championship,33,"Varner III, Harold",16602,T29,1,Oak Hill Country Club,514,70,10,9:28am,70,2.442,2.702,-0.907,-0.558,1.237,3.679,293.1,0.214,0.5,0.727,79.45,34.312,4,4
pga,2023,2023,PGA Championship,33,"Varner III, Harold",16602,T29,2,Oak Hill Country Club,514,70,1,1:03pm,71,0.699,1.159,-2.426,2.388,1.121,1.821,302.9,0.571,0.444,0.667,60.733,33.308,5,4
pga,2023,2023,PGA Championship,33,"Varner III, Harold",16602,T29,3,Oak Hill Country Club,514,70,1,12:40pm,74,-1.058,-0.657,1.92,-1.587,-0.323,-1.382,271.6,0.214,0.556,0.571,97.625,24.051,3,6
pga,2023,2023,PGA Championship,33,"Varner III, Harold",16602,T29,4,Oak Hill Country Club,514,70,1,11:00am,70,-2.003,2.244,0.082,0.334,2.66,0.658,288.4,0.571,0.5,0.75,48.229,40.205,5,5
pga,2023,2023,PGA Championship,33,"Pendrith, Taylor",17780,T29,1,Oak Hill Country Club,514,70,1,2:31pm,70,2.026,0.31,0.037,1.307,1.654,3.679,300.4,0.357,0.556,0.778,79.857,21.958,5,0
pga,2023,2023,PGA Championship,33,"Pendrith, Taylor",17780,T29,2,Oak Hill Country Club,514,70,10,7:16am,69,4.33,-0.32,-0.02,-0.169,-0.509,3.821,298.4,0.214,0.5,0.875,84.562,26.992,5,1
pga,2023,2023,PGA Championship,33,"Pendrith, Taylor",17780,T29,3,Oak Hill Country Club,514,70,1,2:20pm,74,1.217,0.284,-1.962,-0.921,-2.598,-1.382,273.8,0.357,0.444,0.556,90.726,49.924,3,5
pga,2023,2023,PGA Championship,33,"Pendrith, Taylor",17780,T29,4,Oak Hill Country Club,514,70,1,12:20pm,72,-1.144,-2.437,1.019,1.221,-0.198,-1.342,298.4,0.714,0.778,0.143,19.917,33.25,5,4
pga,2023,2023,PGA Championship,33,"McCarthy, Denny",19870,T29,1,Oak Hill Country Club,514,70,1,10:40am,75,1.177,-1.609,1.873,-2.761,-2.497,-1.321,276.7,0.143,0.444,0.625,51.009,29.88,4,6
pga,2023,2023,PGA Championship,33,"McCarthy, Denny",19870,T29,2,Oak Hill Country Club,514,70,10,2:15pm,70,3.115,-1.439,0.724,0.42,-0.295,2.821,295.2,0.5,0.667,0.5,52.625,35.019,4,3
pga,2023,2023,PGA Championship,33,"McCarthy, Denny",19870,T29,3,Oak Hill Country Club,514,70,1,8:20am,72,-1.303,-0.09,0.829,1.183,1.922,0.618,277.0,0.571,0.778,0.5,39.792,33.578,1,2
pga,2023,2023,PGA Championship,33,"McCarthy, Denny",19870,T29,4,Oak Hill Country Club,514,70,1,9:50am,68,1.276,0.88,0.737,-0.235,1.382,2.658,287.8,0.643,0.722,0.6,54.167,25.372,4,3
pga,2023,2023,PGA Championship,33,"Tarren, Callum",20519,T29,1,Oak Hill Country Club,514,70,1,10:29am,71,0.297,-0.071,1.577,0.878,2.383,2.679,302.8,0.5,0.778,0.4,49.567,25.91,6,3
pga,2023,2023,PGA Championship,33,"Tarren, Callum",20519,T29,2,Oak Hill Country Club,514,70,10,2:04pm,67,1.587,1.341,1.459,1.433,4.234,5.821,302.4,0.429,0.722,0.75,37.233,31.847,5,0
pga,2023,2023,PGA Championship,33,"Tarren, Callum",20519,T29,3,Oak Hill Country Club,514,70,1,2:20pm,79,-0.404,-1.161,-0.441,-4.375,-5.978,-6.382,278.6,0.214,0.333,0.455,57.111,37.367,5,11
pga,2023,2023,PGA Championship,33,"Tarren, Callum",20519,T29,4,Oak Hill Country Club,514,70,1,9:20am,68,4.545,-3.149,0.932,0.33,-1.887,2.658,302.2,0.5,0.778,0.286,61.833,23.701,8,5
pga,2023,2023,PGA Championship,33,"Reavie, Chez",7961,T40,1,Oak Hill Country Club,514,70,1,3:04pm,76,-1.826,-1.118,0.61,0.013,-0.495,-2.321,282.3,0.5,0.556,0.333,92.583,31.442,6,4
pga,2023,2023,PGA Championship,33,"Reavie, Chez",7961,T40,2,Oak Hill Country Club,514,70,10,7:49am,68,3.216,0.436,2.454,-1.286,1.605,4.821,282.6,0.286,0.556,0.857,32.417,32.556,4,3
pga,2023,2023,PGA Championship,33,"Reavie, Chez",7961,T40,3,Oak Hill Country Club,514,70,1,10:30am,71,2.515,0.035,-0.156,-0.775,-0.896,1.618,255.1,0.643,0.389,0.778,29.958,36.911,6,3
pga,2023,2023,PGA Championship,33,"Reavie, Chez",7961,T40,4,Oak Hill Country Club,514,70,1,11:20am,71,-0.643,1.05,-0.002,-0.747,0.3,-0.342,280.4,0.571,0.444,0.636,86.042,30.91,3,7
pga,2023,2023,PGA Championship,33,"Pieters, Thomas",13944,T40,1,Oak Hill Country Club,514,70,10,2:59pm,69,1.858,-0.727,3.169,0.38,2.822,4.679,303.8,0.357,0.556,0.7,66.694,28.404,8,5
pga,2023,2023,PGA Championship,33,"Pieters, Thomas",13944,T40,2,Oak Hill Country Club,514,70,1,7:44am,76,0.458,-1.354,-1.5,-0.784,-3.638,-3.179,301.6,0.357,0.444,0.364,97.5,39.342,7,10
pga,2023,2023,PGA Championship,33,"Pieters, Thomas",13944,T40,3,Oak Hill Country Club,514,70,1,9:30am,70,2.597,0.628,-1.039,0.432,0.021,2.618,281.1,0.429,0.667,0.667,58.5,38.318,5,3
pga,2023,2023,PGA Championship,33,"Pieters, Thomas",13944,T40,4,Oak Hill Country Club,514,70,1,11:30am,71,-0.321,0.774,-0.758,-0.037,-0.021,-0.342,296.7,0.429,0.5,0.545,77.958,31.842,3,7
pga,2023,2023,PGA Championship,33,"Hadwin, Adam",13965,T40,1,Oak Hill Country Club,514,70,1,4:10pm,70,2.741,-0.124,-0.446,1.507,0.938,3.679,305.5,0.429,0.611,0.571,79.514,40.514,3,0
pga,2023,2023,PGA Championship,33,"Hadwin, Adam",13965,T40,2,Oak Hill Country Club,514,70,10,8:55am,73,-0.223,-0.098,-0.135,0.277,0.044,-0.179,295.5,0.571,0.556,0.571,7.75,40.239,4,6
pga,2023,2023,PGA Championship,33,"Hadwin, Adam",13965,T40,3,Oak Hill Country Club,514,70,1,11:10am,73,-0.476,1.002,-0.246,-0.661,0.095,-0.382,257.1,0.429,0.556,0.875,87.104,34.149,3,3
pga,2023,2023,PGA Championship,33,"Hadwin, Adam",13965,T40,4,Oak Hill Country Club,514,70,1,10:10am,70,-0.186,0.494,0.161,0.188,0.843,0.658,289.6,0.643,0.667,0.6,50.25,25.732,2,4
pga,2023,2023,PGA Championship,33,"Svensson, Adam",13997,T40,1,Oak Hill Country Club,514,70,1,9:34am,70,3.798,-1.248,-0.783,1.912,-0.118,3.679,295.4,0.714,0.556,0.5,65.583,36.72,8,5
pga,2023,2023,PGA Championship,33,"Svensson, Adam",13997,T40,2,Oak Hill Country Club,514,70,10,1:09pm,70,-1.633,0.752,1.96,1.741,4.453,2.821,292.7,0.643,0.667,0.571,48.333,28.923,10,4
pga,2023,2023,PGA Championship,33,"Svensson, Adam",13997,T40,3,Oak Hill Country Club,514,70,1,1:50pm,73,2.488,-0.429,-1.711,-0.73,-2.87,-0.382,267.6,0.214,0.5,0.556,77.986,41.66,5,6
pga,2023,2023,PGA Championship,33,"Svensson, Adam",13997,T40,4,Oak Hill Country Club,514,70,1,12:30pm,73,1.821,-0.928,-2.365,-0.87,-4.163,-2.342,285.5,0.357,0.556,0.417,70.583,38.599,5,6
pga,2023,2023,PGA Championship,33,"Detry, Thomas",14181,T40,1,Oak Hill Country Club,514,70,10,4:16pm,74,0.321,-0.845,-0.382,0.586,-0.642,-0.321,294.9,0.357,0.5,0.333,123.633,30.149,8,5
pga,2023,2023,PGA Championship,33,"Detry, Thomas",14181,T40,2,Oak Hill Country Club,514,70,1,9:01am,71,0.892,-0.151,1.771,-0.692,0.928,1.821,294.5,0.5,0.5,0.625,27.35,30.09,5,6
pga,2023,2023,PGA Championship,33,"Detry, Thomas",14181,T40,3,Oak Hill Country Club,514,70,1,9:00am,73,0.67,-0.395,-0.587,-0.07,-1.052,-0.382,272.9,0.571,0.556,0.75,56.958,34.542,4,5
pga,2023,2023,PGA Championship,33,"Detry, Thomas",14181,T40,4,Oak Hill Country Club,514,70,1,9:10am,68,1.037,0.804,1.264,-0.446,1.621,2.658,298.6,0.643,0.722,0.667,80.667,27.037,5,5
pga,2023,2023,PGA Championship,33,"Meronk, Adrian",14196,T40,1,Oak Hill Country Club,514,70,10,10:34am,75,0.482,-1.937,-1.837,1.971,-1.803,-1.321,293.2,0.571,0.556,0.364,77.222,41.316,3,7
pga,2023,2023,PGA Championship,33,"Meronk, Adrian",14196,T40,2,Oak Hill Country Club,514,70,1,2:09pm,69,0.462,0.343,1.063,1.952,3.359,3.821,296.4,0.643,0.722,0.5,70.042,30.233,3,4
pga,2023,2023,PGA Championship,33,"Meronk, Adrian",14196,T40,3,Oak Hill Country Club,514,70,1,9:40am,74,-2.222,-0.878,1.367,0.352,0.841,-1.382,263.6,0.429,0.667,0.125,77.229,39.513,6,4
pga,2023,2023,PGA Championship,33,"Meronk, Adrian",14196,T40,4,Oak Hill Country Club,514,70,1,9:00am,68,1.024,-1.121,2.209,0.546,1.634,2.658,288.1,0.643,0.833,0.2,38.389,25.256,6,3
pga,2023,2023,PGA Championship,33,"Hossler, Beau",15470,T40,1,Oak Hill Country Club,514,70,1,9:34am,71,1.268,-0.6,0.98,1.031,1.411,2.679,293.1,0.357,0.556,0.5,71.233,36.417,6,4
pga,2023,2023,PGA Championship,33,"Hossler, Beau",15470,T40,2,Oak Hill Country Club,514,70,10,1:09pm,70,1.835,2.673,-0.881,-0.806,0.986,2.821,300.1,0.143,0.444,0.727,52.292,52.889,5,2
pga,2023,2023,PGA Championship,33,"Hossler, Beau",15470,T40,3,Oak Hill Country Club,514,70,1,12:30pm,74,-1.002,0.196,-1.557,0.981,-0.379,-1.382,276.0,0.429,0.556,0.636,62.361,51.083,5,5
pga,2023,2023,PGA Championship,33,"Hossler, Beau",15470,T40,4,Oak Hill Country Club,514,70,1,11:10am,71,0.438,-0.117,-1.332,0.669,-0.78,-0.342,295.6,0.429,0.611,0.375,58.264,36.265,5,1
pga,2023,2023,PGA Championship,33,"Herbert, Lucas",17064,T40,1,Oak Hill Country Club,514,70,10,3:10pm,75,-0.415,-0.74,0.871,-1.036,-0.906,-1.321,302.4,0.214,0.444,0.3,68.458,31.562,2,6
pga,2023,2023,PGA Championship,33,"Herbert, Lucas",17064,T40,2,Oak Hill Country Club,514,70,1,7:55am,69,2.582,1.765,-0.902,0.376,1.239,3.821,298.3,0.357,0.389,0.917,62.15,35.819,3,3
pga,2023,2023,PGA Championship,33,"Herbert, Lucas",17064,T40,3,Oak Hill Country Club,514,70,1,10:30am,72,-0.966,-1.113,1.335,1.362,1.584,0.618,276.6,0.429,0.667,0.429,85.467,33.109,6,3
pga,2023,2023,PGA Championship,33,"Herbert, Lucas",17064,T40,4,Oak Hill Country Club,514,70,1,10:30am,70,0.271,-0.112,-0.697,1.197,0.387,0.658,300.9,0.429,0.667,0.6,91.111,19.208,4,3
pga,2023,2023,PGA Championship,33,"Poston, J.T.",21554,T40,1,Oak Hill Country Club,514,70,1,10:18am,72,-0.616,0.449,2.689,-0.842,2.296,1.679,289.3,0.429,0.667,0.5,98.833,36.964,5,7
pga,2023,2023,PGA Championship,33,"Poston, J.T.",21554,T40,2,Oak Hill Country Club,514,70,10,1:53pm,70,2.84,-0.693,-0.715,1.389,-0.019,2.821,292.1,0.429,0.5,0.727,82.667,29.839,5,3
pga,2023,2023,PGA Championship,33,"Poston, J.T.",21554,T40,3,Oak Hill Country Club,514,70,1,12:00pm,75,-1.406,1.214,-1.342,-0.847,-0.976,-2.382,260.8,0.357,0.5,0.571,80.262,36.424,1,5
pga,2023,2023,PGA Championship,33,"Poston, J.T.",21554,T40,4,Oak Hill Country Club,514,70,1,9:30am,69,0.522,0.775,-0.386,0.747,1.136,1.658,283.9,0.786,0.556,0.778,225.0,26.234,5,6
pga,2023,2023,PGA Championship,33,"Theegala, Sahith",23014,T40,1,Oak Hill Country Club,514,70,1,9:45am,71,-2.004,1.883,2.527,0.274,4.684,2.679,285.2,0.286,0.611,0.444,55.35,25.475,5,2
pga,2023,2023,PGA Championship,33,"Theegala, Sahith",23014,T40,2,Oak Hill Country Club,514,70,10,1:20pm,71,1.078,1.076,0.782,-1.116,0.742,1.821,299.7,0.214,0.556,0.571,38.76,33.017,8,6
pga,2023,2023,PGA Championship,33,"Theegala, Sahith",23014,T40,3,Oak Hill Country Club,514,70,1,12:00pm,71,2.872,-1.906,0.778,-0.125,-1.254,1.618,267.3,0.429,0.667,0.143,69.217,39.75,6,3
pga,2023,2023,PGA Championship,33,"Theegala, Sahith",23014,T40,4,Oak Hill Country Club,514,70,1,12:40pm,73,-1.02,-0.004,-0.696,-0.622,-1.322,-2.342,306.2,0.643,0.556,0.556,57.528,23.106,4,6
pga,2023,2023,PGA Championship,33,"Harrington, Padraig",5716,T50,1,Oak Hill Country Club,514,70,1,10:07am,72,1.06,0.78,-0.285,0.125,0.62,1.679,285.9,0.357,0.444,0.5,90.448,43.125,5,1
pga,2023,2023,PGA Championship,33,"Harrington, Padraig",5716,T50,2,Oak Hill Country Club,514,70,10,1:42pm,71,-0.895,-0.921,4.045,-0.409,2.716,1.821,293.1,0.357,0.556,0.556,55.167,22.281,5,6
pga,2023,2023,PGA Championship,33,"Harrington, Padraig",5716,T50,3,Oak Hill Country Club,514,70,1,10:50am,75,-1.042,-0.211,-0.925,-0.204,-1.34,-2.382,265.4,0.429,0.611,0.444,52.194,46.447,3,7
pga,2023,2023,PGA Championship,33,"Harrington, Padraig",5716,T50,4,Oak Hill Country Club,514,70,1,8:50am,69,1.619,1.36,-1.414,0.094,0.039,1.658,281.6,0.643,0.611,0.714,39.611,35.303,4,1
pga,2023,2023,PGA Championship,33,"Jaeger, Stephan",16394,T50,1,Oak Hill Country Club,514,70,10,3:43pm,72,-1.306,0.688,1.871,0.426,2.985,1.679,306.1,0.429,0.667,0.429,64.512,29.833,6,3
pga,2023,2023,PGA Championship,33,"Jaeger, Stephan",16394,T50,2,Oak Hill Country Club,514,70,1,8:28am,70,-1.614,0.52,2.309,1.606,4.435,2.821,303.6,0.5,0.667,0.429,41.433,22.569,6,3
pga,2023,2023,PGA Championship,33,"Jaeger, Stephan",16394,T50,3,Oak Hill Country Club,514,70,1,12:10pm,69,3.231,0.442,-0.341,0.287,0.387,3.618,273.8,0.5,0.611,0.857,54.181,34.146,5,3
pga,2023,2023,PGA Championship,33,"Jaeger, Stephan",16394,T50,4,Oak Hill Country Club,514,70,1,1:30pm,76,-3.592,-0.854,-1.117,0.221,-1.75,-5.342,295.6,0.571,0.611,0.429,85.167,28.194,1,6
pga,2023,2023,PGA Championship,33,"Rahm, Jon",19195,T50,1,Oak Hill Country Club,514,70,10,10:23am,76,-1.89,-0.061,-0.643,0.273,-0.43,-2.321,293.0,0.357,0.389,0.385,84.903,31.364,3,4
pga,2023,2023,PGA Championship,33,"Rahm, Jon",19195,T50,2,Oak Hill Country Club,514,70,1,1:58pm,68,0.013,0.823,2.528,1.457,4.807,4.821,291.6,0.643,0.778,0.8,45.708,20.692,3,2
pga,2023,2023,PGA Championship,33,"Rahm, Jon",19195,T50,3,Oak Hill Country Club,514,70,1,10:00am,72,3.046,-1.995,0.555,-0.988,-2.428,0.618,268.6,0.571,0.5,0.5,47.583,27.156,3,6
pga,2023,2023,PGA Championship,33,"Rahm, Jon",19195,T50,4,Oak Hill Country Club,514,70,1,10:40am,71,-0.585,-0.139,-0.771,1.152,0.243,-0.342,289.3,0.643,0.611,0.5,52.917,32.224,3,3
pga,2023,2023,PGA Championship,33,"Hojgaard, Nicolai",23602,T50,1,Oak Hill Country Club,514,70,10,9:28am,76,-2.191,-0.083,-0.552,0.506,-0.13,-2.321,293.0,0.429,0.611,0.375,92.469,32.175,3,4
pga,2023,2023,PGA Championship,33,"Hojgaard, Nicolai",23602,T50,2,Oak Hill Country Club,514,70,1,1:03pm,67,3.87,-0.592,0.967,1.576,1.951,5.821,315.6,0.714,0.611,0.778,42.75,25.883,7,2
pga,2023,2023,PGA Championship,33,"Hojgaard, Nicolai",23602,T50,3,Oak Hill Country Club,514,70,1,11:00am,73,1.162,0.098,-1.026,-0.615,-1.543,-0.382,274.1,0.286,0.5,0.375,87.604,36.34,4,4
pga,2023,2023,PGA Championship,33,"Hojgaard, Nicolai",23602,T50,4,Oak Hill Country Club,514,70,1,10:20am,71,0.563,-0.846,0.181,-0.24,-0.905,-0.342,295.8,0.5,0.722,0.571,56.9,27.354,5,4
pga,2023,2023,PGA Championship,33,"Burmester, Dean",14424,54,1,Oak Hill Country Club,514,70,1,11:02am,73,-0.685,-0.42,1.041,0.743,1.364,0.679,306.1,0.357,0.667,0.5,37.486,32.591,3,2
pga,2023,2023,PGA Championship,33,"Burmester, Dean",14424,54,2,Oak Hill Country Club,514,70,10,2:37pm,71,2.394,-0.64,-0.671,0.738,-0.573,1.821,296.1,0.429,0.556,0.5,89.067,27.661,5,1
pga,2023,2023,PGA Championship,33,"Burmester, Dean",14424,54,3,Oak Hill Country Club,514,70,1,9:40am,72,2.02,0.191,-1.155,-0.438,-1.402,0.618,274.4,0.214,0.5,0.75,34.069,49.0,4,4
pga,2023,2023,PGA Championship,33,"Burmester, Dean",14424,54,4,Oak Hill Country Club,514,70,1,10:40am,72,-2.114,1.189,-0.061,-0.357,0.772,-1.342,296.4,0.286,0.556,0.778,51.083,24.608,2,6
pga,2023,2023,PGA Championship,33,"Johnson, Dustin",12422,T55,1,Oak Hill Country Club,514,70,1,3:37pm,67,4.138,2.035,-0.414,0.921,2.542,6.679,306.4,0.571,0.611,0.857,57.55,33.069,4,2
pga,2023,2023,PGA Championship,33,"Johnson, Dustin",12422,T55,2,Oak Hill Country Club,514,70,10,8:22am,74,1.922,-0.648,-1.411,-1.043,-3.102,-1.179,300.6,0.357,0.444,0.636,53.444,40.049,3,7
pga,2023,2023,PGA Championship,33,"Johnson, Dustin",12422,T55,3,Oak Hill Country Club,514,70,1,1:10pm,74,-1.649,0.278,-1.05,1.039,0.268,-1.382,274.3,0.429,0.611,0.667,84.321,38.591,0,5
pga,2023,2023,PGA Championship,33,"Johnson, Dustin",12422,T55,4,Oak Hill Country Club,514,70,1,10:50am,74,-3.101,-0.855,-0.38,0.994,-0.241,-3.342,295.8,0.571,0.722,0.143,43.062,34.795,3,5
pga,2023,2023,PGA Championship,33,"Homa, Max",17538,T55,1,Oak Hill Country Club,514,70,1,3:26pm,71,4.102,-0.789,-0.679,0.046,-1.422,2.679,305.3,0.286,0.389,0.556,74.736,36.792,6,3
pga,2023,2023,PGA Championship,33,"Homa, Max",17538,T55,2,Oak Hill Country Club,514,70,10,8:11am,72,2.051,-0.662,0.254,-0.823,-1.23,0.821,307.6,0.286,0.556,0.625,75.194,27.992,6,8
pga,2023,2023,PGA Championship,33,"Homa, Max",17538,T55,3,Oak Hill Country Club,514,70,1,11:20am,74,-1.683,-0.549,0.758,0.093,0.302,-1.382,272.9,0.643,0.556,0.286,59.417,29.883,4,5
pga,2023,2023,PGA Championship,33,"Homa, Max",17538,T55,4,Oak Hill Country Club,514,70,1,9:30am,72,-0.335,0.439,-1.994,0.548,-1.007,-1.342,296.7,0.643,0.5,0.667,53.292,34.633,2,8
pga,2023,2023,PGA Championship,33,"Hodges, Lee",25157,T55,1,Oak Hill Country Club,514,70,1,10:29am,75,0.175,0.329,-2.359,0.534,-1.496,-1.321,285.9,0.429,0.444,0.5,63.014,45.958,4,4
pga,2023,2023,PGA Championship,33,"Hodges, Lee",25157,T55,2,Oak Hill Country Club,514,70,10,2:04pm,70,0.08,-0.773,2.09,1.423,2.74,2.821,301.1,0.643,0.667,0.571,68.805,29.97,5,5
pga,2023,2023,PGA Championship,33,"Hodges, Lee",25157,T55,3,Oak Hill Country Club,514,70,1,8:30am,75,-1.786,0.48,-2.108,1.033,-0.596,-2.382,277.2,0.714,0.722,0.25,54.857,51.136,3,6
pga,2023,2023,PGA Championship,33,"Hodges, Lee",25157,T55,4,Oak Hill Country Club,514,70,1,8:30am,69,-1.775,0.423,2.042,0.967,3.433,1.658,285.5,0.714,0.889,0.0,13.083,23.261,6,3
pga,2023,2023,PGA Championship,33,"Mickelson, Phil",1547,T58,1,Oak Hill Country Club,514,70,1,3:48pm,73,-0.494,-0.311,2.452,-0.968,1.173,0.679,296.2,0.214,0.611,0.5,49.607,34.192,2,4
pga,2023,2023,PGA Championship,33,"Mickelson, Phil",1547,T58,2,Oak Hill Country Club,514,70,10,8:33am,72,-0.135,0.58,0.232,0.143,0.955,0.821,297.6,0.357,0.722,0.5,53.75,36.308,5,3
pga,2023,2023,PGA Championship,33,"Mickelson, Phil",1547,T58,3,Oak Hill Country Club,514,70,1,9:10am,75,-0.315,0.386,-3.444,0.991,-2.067,-2.382,265.6,0.571,0.444,0.6,108.375,48.381,1,4
pga,2023,2023,PGA Championship,33,"Mickelson, Phil",1547,T58,4,Oak Hill Country Club,514,70,1,8:20am,70,0.216,1.112,-0.482,-0.189,0.442,0.658,290.7,0.571,0.556,0.556,88.396,28.208,6,6
pga,2023,2023,PGA Championship,33,"Johnson, Zach",6986,T58,1,Oak Hill Country Club,514,70,1,9:45am,74,-0.313,0.241,-0.151,-0.097,-0.008,-0.321,274.2,0.357,0.556,0.6,68.1,37.564,3,5
pga,2023,2023,PGA Championship,33,"Johnson, Zach",6986,T58,2,Oak Hill Country Club,514,70,10,1:20pm,71,0.73,0.318,0.832,-0.06,1.091,1.821,285.4,0.5,0.667,0.714,69.85,30.282,5,4
pga,2023,2023,PGA Championship,33,"Johnson, Zach",6986,T58,3,Oak Hill Country Club,514,70,1,8:40am,74,-1.166,0.444,1.374,-2.034,-0.216,-1.382,261.5,0.571,0.611,0.6,89.889,28.35,3,9
pga,2023,2023,PGA Championship,33,"Johnson, Zach",6986,T58,4,Oak Hill Country Club,514,70,1,8:40am,71,1.656,-0.82,-0.561,-0.618,-1.999,-0.342,277.0,0.714,0.5,0.333,201.0,39.363,5,7
pga,2023,2023,PGA Championship,33,"Hoge, Tom",15575,T58,1,Oak Hill Country Club,514,70,1,9:23am,74,-0.802,0.244,2.748,-2.511,0.482,-0.321,287.3,0.214,0.611,0.5,75.944,24.649,4,7
pga,2023,2023,PGA Championship,33,"Hoge, Tom",15575,T58,2,Oak Hill Country Club,514,70,10,12:58pm,70,1.477,2.231,-0.091,-0.796,1.344,2.821,286.4,0.357,0.444,0.636,61.583,36.382,3,3
pga,2023,2023,PGA Championship,33,"Hoge, Tom",15575,T58,3,Oak Hill Country Club,514,70,1,10:10am,72,-0.861,-0.766,2.2,0.046,1.48,0.618,265.4,0.571,0.722,0.5,47.694,26.55,3,5
pga,2023,2023,PGA Championship,33,"Hoge, Tom",15575,T58,4,Oak Hill Country Club,514,70,1,10:30am,74,-1.441,-1.14,-0.136,-0.626,-1.901,-3.342,285.8,0.5,0.667,0.286,41.188,33.538,2,6
pga,2023,2023,PGA Championship,33,"Mitchell, Keith",17365,T58,1,Oak Hill Country Club,514,70,10,2:59pm,69,2.554,-0.909,0.707,2.326,2.125,4.679,307.0,0.571,0.722,0.571,52.7,31.879,5,0
pga,2023,2023,PGA Championship,33,"Mitchell, Keith",17365,T58,2,Oak Hill Country Club,514,70,1,7:44am,71,1.897,0.283,-0.702,0.342,-0.077,1.821,299.6,0.286,0.611,0.667,95.167,34.917,5,3
pga,2023,2023,PGA Championship,33,"Mitchell, Keith",17365,T58,3,Oak Hill Country Club,514,70,1,2:00pm,73,-1.758,-0.156,-1.614,3.146,1.376,-0.382,290.6,0.643,0.778,0.4,36.333,41.208,3,3
pga,2023,2023,PGA Championship,33,"Mitchell, Keith",17365,T58,4,Oak Hill Country Club,514,70,1,12:20pm,77,-0.815,-2.483,-2.271,-0.773,-5.527,-6.342,302.5,0.214,0.444,0.455,29.01,40.963,3,9
pga,2023,2023,PGA Championship,33,"Kim, Sihwan",13307,T62,1,Oak Hill Country Club,514,70,1,2:42pm,75,-1.656,0.637,0.351,-0.653,0.336,-1.321,284.6,0.357,0.611,0.333,65.083,30.371,2,4
pga,2023,2023,PGA Championship,33,"Kim, Sihwan",13307,T62,2,Oak Hill Country Club,514,70,10,7:27am,68,1.336,1.234,2.726,-0.476,3.485,4.821,294.1,0.429,0.667,0.667,71.133,21.597,7,3
pga,2023,2023,PGA Championship,33,"Kim, Sihwan",13307,T62,3,Oak Hill Country Club,514,70,1,11:40am,75,0.335,-0.229,-0.16,-2.328,-2.717,-2.382,255.2,0.286,0.389,0.7,40.929,65.729,3,6
pga,2023,2023,PGA Championship,33,"Kim, Sihwan",13307,T62,4,Oak Hill Country Club,514,70,1,8:40am,73,-1.625,0.279,-0.279,-0.717,-0.717,-2.342,275.9,0.5,0.611,0.5,16.583,38.911,1,6
pga,2023,2023,PGA Championship,33,"Lawrence, Thriston",18105,T62,1,Oak Hill Country Club,514,70,10,9:06am,75,0.844,0.382,-0.651,-1.896,-2.165,-1.321,286.6,0.357,0.444,0.6,89.35,31.483,3,6
pga,2023,2023,PGA Championship,33,"Lawrence, Thriston",18105,T62,2,Oak Hill Country Club,514,70,1,12:41pm,69,1.724,1.59,-0.109,0.615,2.096,3.821,300.5,0.5,0.611,0.778,96.75,37.141,3,1
pga,2023,2023,PGA Championship,33,"Lawrence, Thriston",18105,T62,3,Oak Hill Country Club,514,70,1,10:10am,73,-0.417,0.239,-1.539,1.335,0.036,-0.382,269.0,0.643,0.5,0.7,65.278,33.883,1,3
pga,2023,2023,PGA Championship,33,"Lawrence, Thriston",18105,T62,4,Oak Hill Country Club,514,70,1,9:40am,74,-1.389,0.571,0.132,-2.656,-1.953,-3.342,284.7,0.286,0.611,0.429,50.0,27.849,1,4
pga,2023,2023,PGA Championship,33,"Hoshino, Rikuya",19190,T62,1,Oak Hill Country Club,514,70,10,11:07am,75,-0.848,0.534,-0.073,-0.935,-0.473,-1.321,283.4,0.286,0.611,0.667,57.033,33.868,2,6
pga,2023,2023,PGA Championship,33,"Hoshino, Rikuya",19190,T62,2,Oak Hill Country Club,514,70,1,2:42pm,70,0.304,-0.141,2.022,0.636,2.516,2.821,291.2,0.5,0.667,0.333,51.0,25.859,2,1
pga,2023,2023,PGA Championship,33,"Hoshino, Rikuya",19190,T62,3,Oak Hill Country Club,514,70,1,8:10am,75,1.44,-1.771,-1.308,-0.743,-3.822,-2.382,263.9,0.643,0.5,0.636,101.875,30.615,5,8
pga,2023,2023,PGA Championship,33,"Hoshino, Rikuya",19190,T62,4,Oak Hill Country Club,514,70,1,8:30am,71,-0.006,0.111,0.681,-1.128,-0.336,-0.342,280.9,0.357,0.611,0.625,45.319,33.386,2,2
pga,2023,2023,PGA Championship,33,"Larrazabal, Pablo",9133,T65,1,Oak Hill Country Club,514,70,10,2:59pm,69,2.014,0.813,2.03,-0.178,2.666,4.679,286.4,0.214,0.667,0.667,64.056,35.898,2,0
pga,2023,2023,PGA Championship,33,"Larrazabal, Pablo",9133,T65,2,Oak Hill Country Club,514,70,1,7:44am,75,0.014,1.588,-3.54,-0.242,-2.194,-2.179,291.0,0.286,0.278,0.75,82.028,41.917,4,5
pga,2023,2023,PGA Championship,33,"Larrazabal, Pablo",9133,T65,3,Oak Hill Country Club,514,70,1,10:40am,74,0.213,1.44,-0.845,-2.189,-1.595,-1.382,249.9,0.214,0.389,0.727,72.104,40.115,2,3
pga,2023,2023,PGA Championship,33,"Larrazabal, Pablo",9133,T65,4,Oak Hill Country Club,514,70,1,9:00am,74,-0.383,-0.316,-2.758,0.115,-2.959,-3.342,284.7,0.571,0.444,0.583,55.667,32.042,2,7
pga,2023,2023,PGA Championship,33,"Thomas, Justin",14139,T65,1,Oak Hill Country Club,514,70,10,10:01am,72,1.095,0.446,0.961,-0.823,0.585,1.679,287.9,0.357,0.611,0.714,41.896,36.987,5,5
pga,2023,2023,PGA Championship,33,"Thomas, Justin",14139,T65,2,Oak Hill Country Club,514,70,1,1:36pm,73,0.276,-0.162,-1.137,0.843,-0.456,-0.179,299.5,0.429,0.611,0.5,33.107,37.129,4,3
pga,2023,2023,PGA Championship,33,"Thomas, Justin",14139,T65,3,Oak Hill Country Club,514,70,1,8:40am,75,0.204,-0.634,-1.343,-0.608,-2.585,-2.382,276.4,0.429,0.444,0.444,60.25,34.09,3,4
pga,2023,2023,PGA Championship,33,"Thomas, Justin",14139,T65,4,Oak Hill Country Club,514,70,1,8:20am,72,-1.692,0.791,0.989,-1.43,0.35,-1.342,291.9,0.429,0.722,0.4,34.938,28.103,2,6
pga,2023,2023,PGA Championship,33,"Wallace, Matt",20706,T65,1,Oak Hill Country Club,514,70,10,4:16pm,73,-1.262,1.766,-1.025,1.201,1.942,0.679,299.4,0.5,0.556,0.5,58.306,41.549,6,1
pga,2023,2023,PGA Championship,33,"Wallace, Matt",20706,T65,2,Oak Hill Country Club,514,70,1,9:01am,70,0.258,-0.033,2.05,0.546,2.563,2.821,286.6,0.5,0.611,0.667,40.188,22.381,5,0
pga,2023,2023,PGA Championship,33,"Wallace, Matt",20706,T65,3,Oak Hill Country Club,514,70,1,11:10am,75,-1.807,0.812,-0.383,-1.005,-0.575,-2.382,255.6,0.5,0.444,0.444,39.458,34.75,3,6
pga,2023,2023,PGA Championship,33,"Wallace, Matt",20706,T65,4,Oak Hill Country Club,514,70,1,8:50am,74,-1.249,-0.311,-2.041,0.26,-2.093,-3.342,289.0,0.5,0.611,0.714,132.917,37.05,4,6
pga,2023,2023,PGA Championship,33,"Montgomery, Taylor",25442,T65,1,Oak Hill Country Club,514,70,1,2:20pm,75,0.691,0.441,-2.256,-0.197,-2.012,-1.321,286.2,0.429,0.333,0.538,113.967,39.577,5,4
pga,2023,2023,PGA Championship,33,"Montgomery, Taylor",25442,T65,2,Oak Hill Country Club,514,70,10,7:05am,70,2.399,0.49,0.732,-0.8,0.422,2.821,292.2,0.357,0.444,0.727,56.375,35.657,5,4
pga,2023,2023,PGA Championship,33,"Montgomery, Taylor",25442,T65,3,Oak Hill Country Club,514,70,1,9:30am,76,-1.679,-0.154,-1.592,0.043,-1.703,-3.382,265.5,0.429,0.5,0.333,101.702,39.349,1,2
pga,2023,2023,PGA Championship,33,"Montgomery, Taylor",25442,T65,4,Oak Hill Country Club,514,70,1,8:10am,71,-0.502,1.437,-1.397,0.12,0.16,-0.342,289.9,0.429,0.722,0.8,75.847,40.222,2,6
pga,2023,2023,PGA Championship,33,"Dahmen, Joel",14509,T69,1,Oak Hill Country Club,514,70,1,9:01am,74,-0.644,-1.062,-0.386,1.771,0.323,-0.321,296.5,0.643,0.667,0.2,116.25,30.839,4,1
pga,2023,2023,PGA Championship,33,"Dahmen, Joel",14509,T69,2,Oak Hill Country Club,514,70,10,12:36pm,69,0.974,-0.233,3.833,-0.754,2.846,3.821,290.4,0.286,0.556,0.571,47.153,23.349,8,2
pga,2023,2023,PGA Championship,33,"Dahmen, Joel",14509,T69,3,Oak Hill Country Club,514,70,1,11:00am,78,-0.652,0.132,-1.995,-2.866,-4.729,-5.382,258.4,0.286,0.444,0.667,62.067,33.276,0,6
pga,2023,2023,PGA Championship,33,"Dahmen, Joel",14509,T69,4,Oak Hill Country Club,514,70,1,8:00am,72,-2.194,0.678,-0.51,0.683,0.852,-1.342,290.1,0.643,0.722,0.6,62.583,31.583,4,5
pga,2023,2023,PGA Championship,33,"Paul, Yannik",19898,T69,1,Oak Hill Country Club,514,70,10,10:34am,76,-0.668,-0.966,0.62,-1.306,-1.653,-2.321,293.7,0.429,0.611,0.333,39.25,33.396,2,6
pga,2023,2023,PGA Championship,33,"Paul, Yannik",19898,T69,2,Oak Hill Country Club,514,70,1,2:09pm,69,0.97,0.464,2.4,-0.013,2.85,3.821,291.6,0.429,0.778,0.8,69.5,25.462,2,2
pga,2023,2023,PGA Championship,33,"Paul, Yannik",19898,T69,3,Oak Hill Country Club,514,70,1,8:20am,73,0.289,-1.783,0.181,0.931,-0.671,-0.382,274.2,0.5,0.722,0.429,127.361,35.8,3,3
pga,2023,2023,PGA Championship,33,"Paul, Yannik",19898,T69,4,Oak Hill Country Club,514,70,1,9:20am,75,-1.69,0.761,-1.768,-1.644,-2.652,-4.342,295.1,0.571,0.611,0.5,117.292,42.578,3,7
pga,2023,2023,PGA Championship,33,"Taylor, Ben",19948,T69,1,Oak Hill Country Club,514,70,1,4:32pm,72,2.034,-0.274,-1.027,0.946,-0.355,1.679,299.6,0.429,0.5,0.583,68.639,33.015,6,6
pga,2023,2023,PGA Championship,33,"Taylor, Ben",19948,T69,2,Oak Hill Country Club,514,70,10,9:17am,72,-1.438,2.503,-0.557,0.313,2.259,0.821,302.6,0.429,0.611,0.833,68.444,36.872,5,5
pga,2023,2023,PGA Championship,33,"Taylor, Ben",19948,T69,3,Oak Hill Country Club,514,70,1,10:20am,78,-2.243,-1.014,0.06,-2.184,-3.138,-5.382,274.0,0.357,0.444,0.556,61.722,45.75,2,7
pga,2023,2023,PGA Championship,33,"Taylor, Ben",19948,T69,4,Oak Hill Country Club,514,70,1,7:50am,71,2.09,1.19,-1.48,-2.141,-2.432,-0.342,289.7,0.286,0.556,0.75,58.472,31.436,5,8
pga,2023,2023,PGA Championship,33,"Finau, Tony",11676,T72,1,Oak Hill Country Club,514,70,1,3:26pm,72,4.072,0.798,-2.289,-0.901,-2.392,1.679,297.9,0.214,0.444,0.75,66.861,43.512,2,5
pga,2023,2023,PGA Championship,33,"Finau, Tony",11676,T72,2,Oak Hill Country Club,514,70,10,8:11am,73,-2.755,3.015,-0.968,0.528,2.575,-0.179,298.5,0.571,0.5,0.5,52.483,36.303,7,7
pga,2023,2023,PGA Championship,33,"Finau, Tony",11676,T72,3,Oak Hill Country Club,514,70,1,9:20am,73,-2.368,0.684,1.37,-0.069,1.986,-0.382,269.9,0.429,0.611,0.8,99.875,25.244,1,2
pga,2023,2023,PGA Championship,33,"Finau, Tony",11676,T72,4,Oak Hill Country Club,514,70,1,9:10am,77,-3.372,-1.505,-0.58,-0.886,-2.97,-6.342,292.8,0.5,0.667,0.25,30.319,36.475,3,10
pga,2023,2023,PGA Championship,33,"Moore, Taylor",21944,T72,1,Oak Hill Country Club,514,70,1,10:40am,74,-0.403,0.181,-0.377,0.278,0.083,-0.321,288.9,0.357,0.444,0.375,100.929,32.442,6,3
pga,2023,2023,PGA Championship,33,"Moore, Taylor",21944,T72,2,Oak Hill Country Club,514,70,10,2:15pm,69,1.924,2.277,-0.684,0.303,1.897,3.821,291.0,0.5,0.611,0.833,100.806,26.55,6,3
pga,2023,2023,PGA Championship,33,"Moore, Taylor",21944,T72,3,Oak Hill Country Club,514,70,1,10:40am,78,-2.224,0.692,-1.809,-2.041,-3.158,-5.382,266.3,0.5,0.5,0.556,31.833,41.439,0,8
pga,2023,2023,PGA Championship,33,"Moore, Taylor",21944,T72,4,Oak Hill Country Club,514,70,1,8:10am,74,0.778,-2.327,-0.833,-0.961,-4.12,-3.342,283.9,0.429,0.611,0.125,86.067,35.243,3,8
pga,2023,2023,PGA Championship,33,"Stevens, Samuel",25569,T72,1,Oak Hill Country Club,514,70,1,9:34am,71,0.417,0.435,0.704,1.123,2.262,2.679,304.5,0.429,0.611,0.667,111.05,24.019,5,3
pga,2023,2023,PGA Championship,33,"Stevens, Samuel",25569,T72,2,Oak Hill Country Club,514,70,10,1:09pm,72,-0.08,-1.678,0.507,2.071,0.9,0.821,303.5,0.714,0.611,0.111,110.688,34.724,6,1
pga,2023,2023,PGA Championship,33,"Stevens, Samuel",25569,T72,3,Oak Hill Country Club,514,70,1,10:50am,73,1.69,-0.381,0.033,-1.723,-2.071,-0.382,278.4,0.286,0.5,0.5,129.75,27.41,2,4
pga,2023,2023,PGA Championship,33,"Stevens, Samuel",25569,T72,4,Oak Hill Country Club,514,70,1,10:20am,79,-2.499,-0.175,-3.838,-1.83,-5.843,-8.342,296.1,0.5,0.5,0.444,164.458,32.95,0,4
pga,2023,2023,PGA Championship,33,"Hubbard, Mark",16333,75,1,Oak Hill Country Club,514,70,1,11:02am,71,0.535,0.354,0.224,1.566,2.145,2.679,289.9,0.571,0.611,0.5,104.125,32.361,2,1
pga,2023,2023,PGA Championship,33,"Hubbard, Mark",16333,75,2,Oak Hill Country Club,514,70,10,2:37pm,74,-0.38,-0.729,1.237,-1.308,-0.8,-1.179,289.4,0.357,0.611,0.571,67.812,29.562,2,6
pga,2023,2023,PGA Championship,33,"Hubbard, Mark",16333,75,3,Oak Hill Country Club,514,70,1,8:10am,79,-3.364,-0.399,-1.253,-1.366,-3.018,-6.382,255.9,0.429,0.5,0.444,84.972,36.911,5,9
pga,2023,2023,PGA Championship,33,"Hubbard, Mark",16333,75,4,Oak Hill Country Club,514,70,1,7:50am,74,-2.148,-0.192,0.921,-1.923,-1.194,-3.342,271.7,0.714,0.667,0.8,9.833,29.549,2,4
pga,2023,2023,PGA Championship,33,"Higa, Kazuki",15756,76,1,Oak Hill Country Club,514,70,10,8:55am,72,1.977,0.984,-0.179,-1.102,-0.297,1.679,280.6,0.429,0.556,0.571,71.333,30.865,4,4
pga,2023,2023,PGA Championship,33,"Higa, Kazuki",15756,76,2,Oak Hill Country Club,514,70,1,12:30pm,73,0.096,-0.002,0.76,-1.033,-0.275,-0.179,282.7,0.286,0.5,0.5,40.438,31.386,1,3
pga,2023,2023,PGA Championship,33,"Higa, Kazuki",15756,76,3,Oak Hill Country Club,514,70,1,8:50am,77,-2.458,-0.106,-2.086,0.268,-1.924,-4.382,262.1,0.643,0.5,0.571,185.0,43.196,3,7
pga,2023,2023,PGA Championship,33,"Higa, Kazuki",15756,76,4,Oak Hill Country Club,514,70,1,8:00am,78,-2.036,-1.883,-3.184,-0.239,-5.306,-7.342,271.9,0.571,0.5,0.2,51.333,47.948,1,5
pga,2023,2023,PGA Championship,33,"Harman, Brian",8825,CUT,1,Oak Hill Country Club,514,70,10,3:10pm,72,0.764,0.02,0.986,-0.091,0.915,1.679,286.1,0.214,0.611,0.75,78.62,26.704,6,2
pga,2023,2023,PGA Championship,33,"Harman, Brian",8825,CUT,2,Oak Hill Country Club,514,70,1,7:55am,74,-1.38,-0.939,0.731,0.408,0.201,-1.179,295.2,0.429,0.556,0.667,45.073,34.358,2,4
pga,2023,2023,PGA Championship,33,"Steele, Brendan",11019,CUT,1,Oak Hill Country Club,514,70,1,10:40am,72,-0.353,-0.45,2.653,-0.17,2.033,1.679,292.0,0.429,0.778,0.4,44.722,27.434,5,3
pga,2023,2023,PGA Championship,33,"Steele, Brendan",11019,CUT,2,Oak Hill Country Club,514,70,10,2:15pm,74,-1.959,-1.263,1.287,0.756,0.78,-1.179,294.1,0.643,0.556,0.375,81.708,25.011,4,6
pga,2023,2023,PGA Championship,33,"Horschel, Billy",11276,CUT,1,Oak Hill Country Club,514,70,1,4:21pm,71,-0.187,0.061,0.296,2.51,2.866,2.679,312.7,0.643,0.667,0.556,49.444,33.135,5,3
pga,2023,2023,PGA Championship,33,"Horschel, Billy",11276,CUT,2,Oak Hill Country Club,514,70,10,9:06am,75,-0.282,1.319,-2.75,-0.466,-1.897,-2.179,292.4,0.357,0.444,0.5,59.226,40.932,3,4
pga,2023,2023,PGA Championship,33,"Fowler, Rickie",12965,CUT,1,Oak Hill Country Club,514,70,1,3:48pm,73,0.358,0.752,-2.058,1.627,0.322,0.679,296.9,0.571,0.611,0.5,88.403,33.014,4,1
pga,2023,2023,PGA Championship,33,"Fowler, Rickie",12965,CUT,2,Oak Hill Country Club,514,70,10,8:33am,73,-2.871,-0.099,1.244,1.546,2.691,-0.179,299.4,0.429,0.667,0.286,80.361,24.809,5,6
pga,2023,2023,PGA Championship,33,"Kim, Si Woo",14609,CUT,1,Oak Hill Country Club,514,70,10,3:43pm,73,-0.901,-0.699,0.793,1.487,1.581,0.679,289.3,0.5,0.667,0.5,50.111,33.447,5,5
pga,2023,2023,PGA Championship,33,"Kim, Si Woo",14609,CUT,2,Oak Hill Country Club,514,70,1,8:28am,73,-0.241,-0.697,1.081,-0.322,0.061,-0.179,295.2,0.357,0.611,0.571,42.25,24.256,5,7
pga,2023,2023,PGA Championship,33,"Putnam, Andrew",14704,CUT,1,Oak Hill Country Club,514,70,10,9:17am,74,-0.33,0.786,-0.418,-0.359,0.01,-0.321,286.7,0.571,0.556,0.5,49.25,33.517,2,7
pga,2023,2023,PGA Championship,33,"Putnam, Andrew",14704,CUT,2,Oak Hill Country Club,514,70,1,12:52pm,72,-0.909,0.33,0.039,1.361,1.729,0.821,292.4,0.571,0.611,0.5,58.375,34.995,3,4
pga,2023,2023,PGA Championship,33,"Fitzpatrick, Matthew",17646,CUT,1,Oak Hill Country Club,514,70,10,10:23am,76,-1.118,1.063,-0.363,-1.902,-1.202,-2.321,291.0,0.286,0.5,0.6,57.048,33.642,1,3
pga,2023,2023,PGA Championship,33,"Fitzpatrick, Matthew",17646,CUT,2,Oak Hill Country Club,514,70,1,1:58pm,70,-0.565,1.236,2.677,-0.527,3.385,2.821,297.4,0.286,0.611,0.714,50.069,24.667,2,3
pga,2023,2023,PGA Championship,33,"Bezuidenhout, Christiaan",18103,CUT,1,Oak Hill Country Club,514,70,1,3:04pm,73,-0.401,2.341,1.004,-2.265,1.081,0.679,283.6,0.286,0.5,0.7,66.028,45.435,5,6
pga,2023,2023,PGA Championship,33,"Bezuidenhout, Christiaan",18103,CUT,2,Oak Hill Country Club,514,70,10,7:49am,73,-4.051,-0.725,2.892,1.705,3.872,-0.179,296.7,0.714,0.667,0.125,35.306,24.691,6,6
pga,2023,2023,PGA Championship,33,"Smith, Jordan",18586,CUT,1,Oak Hill Country Club,514,70,10,3:54pm,73,0.966,-0.773,0.41,0.077,-0.286,0.679,294.7,0.429,0.722,0.333,76.194,38.964,3,2
pga,2023,2023,PGA Championship,33,"Smith, Jordan",18586,CUT,2,Oak Hill Country Club,514,70,1,8:39am,73,1.945,-0.863,-0.383,-0.879,-2.125,-0.179,300.6,0.286,0.556,0.7,41.222,34.006,5,4
pga,2023,2023,PGA Championship,33,"Arnaus, Adri",23236,CUT,1,Oak Hill Country Club,514,70,1,10:51am,76,0.162,-1.971,-0.61,0.098,-2.483,-2.321,286.8,0.429,0.389,0.462,58.736,37.045,4,6
pga,2023,2023,PGA Championship,33,"Arnaus, Adri",23236,CUT,2,Oak Hill Country Club,514,70,10,2:26pm,70,1.31,-1.433,3.157,-0.213,1.51,2.821,292.4,0.286,0.556,0.545,43.688,24.768,5,5
pga,2023,2023,PGA Championship,33,"Thompson, Davis",27364,CUT,1,Oak Hill Country Club,514,70,10,10:45am,77,-1.713,0.271,-2.377,0.498,-1.607,-3.321,298.4,0.286,0.5,0.25,108.821,42.215,3,2
pga,2023,2023,PGA Championship,33,"Thompson, Davis",27364,CUT,2,Oak Hill Country Club,514,70,1,2:20pm,69,-0.7,1.833,1.665,1.022,4.52,3.821,292.2,0.571,0.611,0.556,67.104,35.028,9,1
pga,2023,2023,PGA Championship,33,"Donald, Luke",4163,CUT,1,Oak Hill Country Club,514,70,10,10:34am,72,2.003,-0.869,0.274,0.272,-0.324,1.679,287.5,0.571,0.611,0.286,84.583,37.387,4,3
pga,2023,2023,PGA Championship,33,"Donald, Luke",4163,CUT,2,Oak Hill Country Club,514,70,1,2:09pm,75,-1.109,-0.405,-0.2,-0.466,-1.07,-2.179,276.3,0.5,0.444,0.455,48.778,36.0,1,2
pga,2023,2023,PGA Championship,33,"Kuchar, Matt",6169,CUT,1,Oak Hill Country Club,514,70,1,4:10pm,74,-2.473,0.313,0.497,1.344,2.153,-0.321,299.1,0.5,0.611,0.6,61.983,32.091,1,6
pga,2023,2023,PGA Championship,33,"Kuchar, Matt",6169,CUT,2,Oak Hill Country Club,514,70,10,8:55am,73,0.554,1.109,0.682,-2.524,-0.734,-0.179,287.1,0.286,0.611,0.5,64.5,38.842,1,4
pga,2023,2023,PGA Championship,33,"Molinari, Francesco",7655,CUT,1,Oak Hill Country Club,514,70,1,4:21pm,74,-0.347,0.363,0.268,-0.605,0.026,-0.321,291.6,0.286,0.556,0.333,67.881,36.183,3,5
pga,2023,2023,PGA Championship,33,"Molinari, Francesco",7655,CUT,2,Oak Hill Country Club,514,70,10,9:06am,73,2.266,1.412,-1.973,-1.884,-2.445,-0.179,284.4,0.286,0.444,0.75,83.611,42.233,5,6
pga,2023,2023,PGA Championship,33,"Noren, Alex",10419,CUT,1,Oak Hill Country Club,514,70,1,10:18am,74,0.559,0.982,-1.191,-0.67,-0.879,-0.321,287.1,0.357,0.556,0.625,74.155,37.447,4,3
pga,2023,2023,PGA Championship,33,"Noren, Alex",10419,CUT,2,Oak Hill Country Club,514,70,10,1:53pm,73,-2.276,1.001,1.459,-0.364,2.097,-0.179,287.4,0.143,0.611,0.429,62.615,27.992,1,4
pga,2023,2023,PGA Championship,33,"Todd, Brendon",12425,CUT,1,Oak Hill Country Club,514,70,1,2:42pm,76,-1.959,-0.317,-0.345,0.301,-0.361,-2.321,283.6,0.5,0.611,0.375,88.542,35.523,2,2
pga,2023,2023,PGA Championship,33,"Todd, Brendon",12425,CUT,2,Oak Hill Country Club,514,70,10,7:27am,71,2.801,1.085,-1.484,-0.581,-0.98,1.821,282.6,0.5,0.5,0.75,50.0,35.839,7,3
pga,2023,2023,PGA Championship,33,"Lahiri, Anirban",12669,CUT,1,Oak Hill Country Club,514,70,10,3:43pm,74,1.651,-0.438,-0.575,-0.958,-1.971,-0.321,290.1,0.429,0.444,0.5,74.35,36.846,4,6
pga,2023,2023,PGA Championship,33,"Lahiri, Anirban",12669,CUT,2,Oak Hill Country Club,514,70,1,8:28am,73,-2.192,-0.555,1.017,1.55,2.012,-0.179,299.1,0.643,0.611,0.556,34.944,27.289,2,6
pga,2023,2023,PGA Championship,33,"Taylor, Nick",13126,CUT,1,Oak Hill Country Club,514,70,1,2:53pm,71,2.425,-1.639,1.58,0.313,0.254,2.679,295.6,0.429,0.722,0.167,52.867,29.538,8,1
pga,2023,2023,PGA Championship,33,"Taylor, Nick",13126,CUT,2,Oak Hill Country Club,514,70,10,7:38am,76,0.01,-0.397,-1.335,-1.457,-3.189,-3.179,288.4,0.286,0.611,0.667,69.5,38.708,5,9
pga,2023,2023,PGA Championship,33,"Henley, Russell",14578,CUT,1,Oak Hill Country Club,514,70,1,3:59pm,73,-1.422,-0.538,2.427,0.213,2.102,0.679,293.9,0.643,0.611,0.5,60.042,23.844,3,4
pga,2023,2023,PGA Championship,33,"Henley, Russell",14578,CUT,2,Oak Hill Country Club,514,70,10,8:44am,74,-2.093,0.514,0.593,-0.194,0.913,-1.179,280.4,0.571,0.444,0.625,41.625,25.869,1,4
pga,2023,2023,PGA Championship,33,"Riley, Davis",19872,CUT,1,Oak Hill Country Club,514,70,10,9:39am,72,1.96,-1.465,0.249,0.936,-0.281,1.679,300.8,0.5,0.556,0.556,75.367,30.257,5,4
pga,2023,2023,PGA Championship,33,"Riley, Davis",19872,CUT,2,Oak Hill Country Club,514,70,1,1:14pm,75,0.422,-2.512,-0.382,0.292,-2.601,-2.179,297.8,0.429,0.444,0.375,85.683,29.994,6,10
pga,2023,2023,PGA Championship,33,"Griffin, Ben",24968,CUT,1,Oak Hill Country Club,514,70,1,9:01am,75,-1.304,-0.683,1.349,-0.682,-0.016,-1.321,293.7,0.357,0.667,0.2,34.931,28.492,3,6
pga,2023,2023,PGA Championship,33,"Griffin, Ben",24968,CUT,2,Oak Hill Country Club,514,70,10,12:36pm,72,0.778,0.253,-0.401,0.191,0.042,0.821,294.1,0.286,0.667,0.6,104.324,25.159,3,1
pga,2023,2023,PGA Championship,33,"Day, Jason",9771,CUT,1,Oak Hill Country Club,514,70,10,10:56am,76,-1.028,0.898,-0.886,-1.305,-1.292,-2.321,296.6,0.357,0.444,0.6,59.714,38.858,4,2
pga,2023,2023,PGA Championship,33,"Day, Jason",9771,CUT,2,Oak Hill Country Club,514,70,1,2:31pm,72,0.606,1.34,-2.096,0.971,0.215,0.821,304.0,0.5,0.556,0.5,61.476,32.22,7,7
pga,2023,2023,PGA Championship,33,"Stallings, Scott",12359,CUT,1,Oak Hill Country Club,514,70,10,9:28am,74,-1.865,0.108,0.092,1.345,1.544,-0.321,291.6,0.5,0.611,0.143,96.604,41.071,3,3
pga,2023,2023,PGA Championship,33,"Stallings, Scott",12359,CUT,2,Oak Hill Country Club,514,70,1,1:03pm,74,-1.772,0.249,0.336,0.008,0.593,-1.179,298.9,0.357,0.444,0.545,45.817,31.792,2,3
pga,2023,2023,PGA Championship,33,"Woodland, Gary",12577,CUT,1,Oak Hill Country Club,514,70,10,9:50am,73,-0.085,0.604,-0.211,0.372,0.765,0.679,291.2,0.5,0.611,0.667,118.467,32.615,4,4
pga,2023,2023,PGA Championship,33,"Woodland, Gary",12577,CUT,2,Oak Hill Country Club,514,70,1,1:25pm,75,-1.466,-0.076,-2.415,1.778,-0.713,-2.179,306.6,0.357,0.444,0.583,48.13,50.88,4,3
pga,2023,2023,PGA Championship,33,"Otaegui, Adrian",14975,CUT,1,Oak Hill Country Club,514,70,10,9:39am,75,0.768,1.369,-2.185,-1.273,-2.088,-1.321,272.4,0.214,0.444,0.625,75.492,58.833,0,2
pga,2023,2023,PGA Championship,33,"Otaegui, Adrian",14975,CUT,2,Oak Hill Country Club,514,70,1,1:14pm,73,-0.045,0.201,-1.497,1.161,-0.135,-0.179,285.9,0.571,0.444,0.545,60.528,33.494,2,3
pga,2023,2023,PGA Championship,33,"Hughes, Mackenzie",15556,CUT,1,Oak Hill Country Club,514,70,1,10:18am,74,-0.322,0.924,-2.109,1.187,0.001,-0.321,291.7,0.5,0.556,0.125,94.452,44.0,3,2
pga,2023,2023,PGA Championship,33,"Hughes, Mackenzie",15556,CUT,2,Oak Hill Country Club,514,70,10,1:53pm,74,-0.103,0.083,-1.463,0.303,-1.077,-1.179,288.9,0.429,0.556,0.5,92.604,32.767,2,4
pga,2023,2023,PGA Championship,33,"Niemann, Joaquin",18079,CUT,1,Oak Hill Country Club,514,70,1,9:56am,74,0.844,-0.092,-1.645,0.573,-1.165,-0.321,288.9,0.357,0.5,0.455,89.267,35.551,5,6
pga,2023,2023,PGA Championship,33,"Niemann, Joaquin",18079,CUT,2,Oak Hill Country Club,514,70,10,1:31pm,74,-1.577,-0.062,0.242,0.218,0.398,-1.179,301.3,0.286,0.556,0.375,49.431,26.153,6,4
pga,2023,2023,PGA Championship,33,"Shinkwin, Callum",18244,CUT,1,Oak Hill Country Club,514,70,10,3:10pm,74,-0.201,-0.26,-0.65,0.79,-0.119,-0.321,300.6,0.429,0.5,0.5,80.819,31.674,3,5
pga,2023,2023,PGA Championship,33,"Shinkwin, Callum",18244,CUT,2,Oak Hill Country Club,514,70,1,7:55am,74,-0.339,-2.075,-0.761,1.996,-0.841,-1.179,300.9,0.571,0.444,0.538,52.75,41.201,7,6
pga,2023,2023,PGA Championship,33,"Mullinax, Trey",18761,CUT,1,Oak Hill Country Club,514,70,10,8:55am,77,-0.362,0.992,-2.923,-1.027,-2.958,-3.321,290.4,0.429,0.389,0.667,65.625,45.872,1,6
pga,2023,2023,PGA Championship,33,"Mullinax, Trey",18761,CUT,2,Oak Hill Country Club,514,70,1,12:30pm,71,1.352,0.407,-0.221,0.282,0.468,1.821,300.1,0.5,0.611,0.714,74.083,34.712,4,3
pga,2023,2023,PGA Championship,33,"Clark, Wyndham",23604,CUT,1,Oak Hill Country Club,514,70,1,9:12am,77,-1.316,-0.595,1.773,-3.183,-2.005,-3.321,301.8,0.286,0.611,0.143,43.083,35.926,5,5
pga,2023,2023,PGA Championship,33,"Clark, Wyndham",23604,CUT,2,Oak Hill Country Club,514,70,10,12:47pm,71,0.902,-0.201,0.77,0.348,0.918,1.821,300.0,0.429,0.5,0.556,59.983,29.674,6,5
pga,2023,2023,PGA Championship,33,"Kim, Tom",24766,CUT,1,Oak Hill Country Club,514,70,10,3:21pm,73,-0.656,-1.189,2.36,0.164,1.335,0.679,298.1,0.429,0.722,0.143,47.417,33.28,5,3
pga,2023,2023,PGA Championship,33,"Kim, Tom",24766,CUT,2,Oak Hill Country Club,514,70,1,8:06am,75,-1.373,-1.536,0.369,0.361,-0.806,-2.179,295.2,0.571,0.611,0.375,45.833,29.167,4,9
pga,2023,2023,PGA Championship,33,"Inglis, Colin",29499,CUT,1,Oak Hill Country Club,514,70,10,9:06am,77,0.915,-0.519,-2.38,-1.336,-4.236,-3.321,274.1,0.571,0.444,0.333,59.333,42.01,4,8
pga,2023,2023,PGA Championship,33,"Inglis, Colin",29499,CUT,2,Oak Hill Country Club,514,70,1,12:41pm,71,-0.59,0.926,1.388,0.097,2.41,1.821,288.3,0.571,0.667,0.571,21.812,35.069,6,4
pga,2023,2023,PGA Championship,33,"Walker, Jimmy",7293,CUT,1,Oak Hill Country Club,514,70,1,10:07am,73,1.492,0.099,-1.27,0.359,-0.813,0.679,294.9,0.5,0.444,0.5,72.333,33.78,3,4
pga,2023,2023,PGA Championship,33,"Walker, Jimmy",7293,CUT,2,Oak Hill Country Club,514,70,10,1:42pm,76,0.097,-0.731,-3.973,1.427,-3.276,-3.179,296.1,0.357,0.444,0.538,84.788,33.155,3,6
pga,2023,2023,PGA Championship,33,"Power, Seamus",10104,CUT,1,Oak Hill Country Club,514,70,10,3:32pm,75,-0.117,-2.534,-0.552,1.882,-1.203,-1.321,301.7,0.429,0.667,0.125,109.028,32.094,6,2
pga,2023,2023,PGA Championship,33,"Power, Seamus",10104,CUT,2,Oak Hill Country Club,514,70,1,8:17am,74,-0.866,1.787,-1.901,-0.199,-0.313,-1.179,283.4,0.357,0.389,0.583,73.972,35.288,2,5
pga,2023,2023,PGA Championship,33,"Grillo, Emiliano",12808,CUT,1,Oak Hill Country Club,514,70,10,9:17am,78,-0.201,-0.092,-2.708,-1.32,-4.12,-4.321,289.1,0.214,0.5,0.375,71.778,38.083,1,8
pga,2023,2023,PGA Championship,33,"Grillo, Emiliano",12808,CUT,2,Oak Hill Country Club,514,70,1,12:52pm,71,1.503,0.425,0.657,-0.764,0.318,1.821,303.0,0.429,0.611,0.429,59.083,27.839,7,4
pga,2023,2023,PGA Championship,33,"English, Harris",14577,CUT,1,Oak Hill Country Club,514,70,10,2:48pm,74,-0.902,-0.101,1.652,-0.969,0.582,-0.321,289.1,0.5,0.611,0.5,60.389,33.696,4,7
pga,2023,2023,PGA Championship,33,"English, Harris",14577,CUT,2,Oak Hill Country Club,514,70,1,7:33am,75,-0.348,-1.701,0.428,-0.558,-1.831,-2.179,298.6,0.357,0.556,0.4,33.417,32.24,4,6
pga,2023,2023,PGA Championship,33,"Spaun, J.J.",17536,CUT,1,Oak Hill Country Club,514,70,10,4:05pm,74,-1.566,2.303,0.52,-1.577,1.246,-0.321,284.4,0.286,0.389,0.556,192.944,29.761,5,7
pga,2023,2023,PGA Championship,33,"Spaun, J.J.",17536,CUT,2,Oak Hill Country Club,514,70,1,8:50am,75,-0.453,-1.745,-0.051,0.069,-1.727,-2.179,292.4,0.429,0.556,0.3,66.0,23.93,2,7
pga,2023,2023,PGA Championship,33,"Micheluzzi, David",19224,CUT,1,Oak Hill Country Club,514,70,10,4:05pm,76,-0.917,0.086,-1.603,0.114,-1.403,-2.321,291.8,0.429,0.556,0.444,71.567,52.785,3,8
pga,2023,2023,PGA Championship,33,"Micheluzzi, David",19224,CUT,2,Oak Hill Country Club,514,70,1,8:50am,73,0.399,-0.215,1.084,-1.447,-0.578,-0.179,283.2,0.286,0.611,0.5,67.317,25.424,6,7
pga,2023,2023,PGA Championship,33,"Hardy, Nick",19865,CUT,1,Oak Hill Country Club,514,70,10,4:27pm,76,0.163,-1.133,-0.497,-0.854,-2.483,-2.321,295.4,0.143,0.556,0.444,56.033,40.674,2,3
pga,2023,2023,PGA Championship,33,"Hardy, Nick",19865,CUT,2,Oak Hill Country Club,514,70,1,9:12am,73,0.022,-0.997,-0.989,1.785,-0.201,-0.179,299.9,0.643,0.611,0.444,56.233,34.278,6,2
pga,2023,2023,PGA Championship,33,"Echavarria, Nicolas",22833,CUT,1,Oak Hill Country Club,514,70,1,9:12am,75,-3.31,1.363,0.26,0.366,1.99,-1.321,288.5,0.214,0.5,0.556,76.345,28.061,3,5
pga,2023,2023,PGA Championship,33,"Echavarria, Nicolas",22833,CUT,2,Oak Hill Country Club,514,70,10,12:47pm,74,-2.493,0.362,0.194,0.759,1.314,-1.179,298.4,0.357,0.667,0.444,53.764,30.311,2,6
pga,2023,2023,PGA Championship,33,"Hojgaard, Rasmus",23838,CUT,1,Oak Hill Country Club,514,70,1,2:53pm,75,0.338,-0.811,1.342,-2.189,-1.658,-1.321,313.1,0.143,0.667,0.5,31.139,31.818,3,4
pga,2023,2023,PGA Championship,33,"Hojgaard, Rasmus",23838,CUT,2,Oak Hill Country Club,514,70,10,7:38am,74,0.2,1.068,1.297,-3.745,-1.38,-1.179,294.2,0.143,0.5,0.571,78.139,19.056,3,4
pga,2023,2023,PGA Championship,33,"Wu, Brandon",25213,CUT,1,Oak Hill Country Club,514,70,10,2:15pm,74,-1.053,-1.492,1.671,0.554,0.733,-0.321,289.4,0.643,0.556,0.286,86.767,29.357,3,4
pga,2023,2023,PGA Championship,33,"Wu, Brandon",25213,CUT,2,Oak Hill Country Club,514,70,1,7:00am,75,-1.135,0.824,-2.087,0.218,-1.045,-2.179,285.2,0.357,0.5,0.545,82.802,34.083,4,4
pga,2023,2023,PGA Championship,33,"Young, Cameron",26651,CUT,1,Oak Hill Country Club,514,70,1,3:15pm,74,-0.117,-1.089,0.107,0.779,-0.203,-0.321,313.1,0.5,0.667,0.286,47.767,33.493,5,4
pga,2023,2023,PGA Championship,33,"Young, Cameron",26651,CUT,2,Oak Hill Country Club,514,70,10,8:00am,75,-4.111,-0.444,0.287,2.089,1.932,-2.179,315.1,0.429,0.556,0.556,51.131,25.692,5,5
pga,2023,2023,PGA Championship,33,"Gooch, Talor",18580,CUT,1,Oak Hill Country Club,514,70,1,4:10pm,76,-1.665,0.937,-0.56,-1.032,-0.655,-2.321,291.4,0.214,0.333,0.625,85.556,23.741,4,4
pga,2023,2023,PGA Championship,33,"Gooch, Talor",18580,CUT,2,Oak Hill Country Club,514,70,10,8:55am,74,-1.577,-0.771,0.367,0.802,0.398,-1.179,294.6,0.643,0.444,0.4,36.958,30.512,4,7
pga,2023,2023,PGA Championship,33,"Cahill, Matt",31030,CUT,1,Oak Hill Country Club,514,70,1,2:20pm,78,-1.991,0.309,-1.239,-1.398,-2.329,-4.321,278.7,0.214,0.389,0.385,90.917,39.894,3,9
pga,2023,2023,PGA Championship,33,"Cahill, Matt",31030,CUT,2,Oak Hill Country Club,514,70,10,7:05am,72,0.996,1.253,-1.488,0.059,-0.175,0.821,281.9,0.357,0.278,0.643,63.375,35.278,1,4
pga,2023,2023,PGA Championship,33,"Yang, Y.E.",6629,CUT,1,Oak Hill Country Club,514,70,10,2:37pm,76,-0.032,-0.976,0.266,-1.579,-2.288,-2.321,279.2,0.429,0.5,0.3,78.017,33.16,4,6
pga,2023,2023,PGA Championship,33,"Yang, Y.E.",6629,CUT,2,Oak Hill Country Club,514,70,1,7:22am,75,0.12,-2.447,0.296,-0.149,-2.3,-2.179,276.3,0.429,0.556,0.444,55.583,26.326,4,4
pga,2023,2023,PGA Championship,33,"Willett, Danny",12920,CUT,1,Oak Hill Country Club,514,70,10,2:37pm,74,-1.634,0.996,0.976,-0.658,1.313,-0.321,286.9,0.429,0.5,0.5,63.9,30.212,6,5
pga,2023,2023,PGA Championship,33,"Willett, Danny",12920,CUT,2,Oak Hill Country Club,514,70,1,7:22am,77,-1.838,-0.047,-1.405,-0.889,-2.342,-4.179,290.5,0.286,0.389,0.462,90.817,31.217,3,5
pga,2023,2023,PGA Championship,33,"Olesen, Thorbjorn",13412,CUT,1,Oak Hill Country Club,514,70,10,2:26pm,74,-1.324,0.732,0.383,-0.111,1.004,-0.321,291.0,0.286,0.444,0.583,60.931,28.712,3,6
pga,2023,2023,PGA Championship,33,"Olesen, Thorbjorn",13412,CUT,2,Oak Hill Country Club,514,70,1,7:11am,77,-1.391,0.973,-1.927,-1.834,-2.788,-4.179,279.1,0.214,0.333,0.545,107.108,25.75,2,5
pga,2023,2023,PGA Championship,33,"Ancer, Abraham",18238,CUT,1,Oak Hill Country Club,514,70,10,3:21pm,76,0.035,0.242,-1.689,-0.909,-2.356,-2.321,283.1,0.357,0.444,0.4,118.317,33.528,2,2
pga,2023,2023,PGA Championship,33,"Ancer, Abraham",18238,CUT,2,Oak Hill Country Club,514,70,1,8:06am,75,-0.173,0.217,-0.403,-1.82,-2.006,-2.179,282.1,0.429,0.611,1.0,62.771,39.302,3,6
pga,2023,2023,PGA Championship,33,"McNealy, Maverick",18634,CUT,1,Oak Hill Country Club,514,70,10,10:45am,78,-1.273,0.806,-0.808,-3.046,-3.048,-4.321,273.2,0.286,0.444,0.4,58.75,50.988,2,6
pga,2023,2023,PGA Championship,33,"McNealy, Maverick",18634,CUT,2,Oak Hill Country Club,514,70,1,2:20pm,73,0.378,0.743,0.575,-1.876,-0.558,-0.179,290.2,0.214,0.444,0.667,61.062,31.136,4,4
pga,2023,2023,PGA Championship,33,"Alker, Steven",4871,CUT,1,Oak Hill Country Club,514,70,1,8:50am,80,-2.709,-0.754,-1.306,-1.551,-3.612,-6.321,272.5,0.429,0.278,0.273,135.033,39.233,3,8
pga,2023,2023,PGA Championship,33,"Alker, Steven",4871,CUT,2,Oak Hill Country Club,514,70,10,12:25pm,72,1.25,0.518,0.871,-1.818,-0.429,0.821,282.8,0.429,0.556,0.5,53.625,30.875,5,4
pga,2023,2023,PGA Championship,33,"Holmes, Steve",7464,CUT,1,Oak Hill Country Club,514,70,10,9:39am,76,-1.203,0.226,-0.137,-1.206,-1.117,-2.321,262.6,0.571,0.444,0.5,129.611,31.228,3,5
pga,2023,2023,PGA Championship,33,"Holmes, Steve",7464,CUT,2,Oak Hill Country Club,514,70,1,1:14pm,76,-3.085,0.42,1.499,-2.014,-0.095,-3.179,263.9,0.357,0.444,0.333,59.938,32.968,3,5
pga,2023,2023,PGA Championship,33,"Ryder, Sam",16715,CUT,1,Oak Hill Country Club,514,70,10,2:15pm,78,0.567,-1.02,-1.364,-2.504,-4.887,-4.321,278.9,0.429,0.389,0.5,62.688,34.312,2,9
pga,2023,2023,PGA Championship,33,"Ryder, Sam",16715,CUT,2,Oak Hill Country Club,514,70,1,7:00am,74,-0.202,0.846,-1.382,-0.44,-0.977,-1.179,290.9,0.357,0.389,0.455,83.896,30.846,5,7
pga,2023,2023,PGA Championship,33,"Wells, Jeremy",18772,CUT,1,Oak Hill Country Club,514,70,1,10:51am,74,1.168,0.858,-0.558,-1.788,-1.488,-0.321,291.6,0.286,0.333,0.615,78.233,32.568,5,6
pga,2023,2023,PGA Championship,33,"Wells, Jeremy",18772,CUT,2,Oak Hill Country Club,514,70,10,2:26pm,78,-2.969,-1.131,-1.656,0.576,-2.211,-5.179,299.1,0.571,0.389,0.308,83.958,32.979,2,7
pga,2023,2023,PGA Championship,33,"Kaewkanjana, Sadom",19844,CUT,1,Oak Hill Country Club,514,70,10,2:26pm,76,-0.061,-1.377,-1.648,0.767,-2.259,-2.321,286.6,0.429,0.556,0.333,110.812,31.194,4,5
pga,2023,2023,PGA Championship,33,"Kaewkanjana, Sadom",19844,CUT,2,Oak Hill Country Club,514,70,1,7:11am,76,-2.588,2.905,-2.631,-0.865,-0.591,-3.179,293.7,0.357,0.444,0.6,50.375,40.083,5,10
pga,2023,2023,PGA Championship,33,"Macintyre, Robert",23323,CUT,1,Oak Hill Country Club,514,70,10,2:48pm,76,-2.604,-0.837,0.168,0.953,0.284,-2.321,300.2,0.643,0.556,0.444,75.278,29.934,4,6
pga,2023,2023,PGA Championship,33,"Macintyre, Robert",23323,CUT,2,Oak Hill Country Club,514,70,1,7:33am,76,-1.59,1.898,-1.822,-1.665,-1.589,-3.179,291.3,0.143,0.333,0.667,60.069,39.788,1,4
pga,2023,2023,PGA Championship,33,"Koch, Greg",28323,CUT,1,Oak Hill Country Club,514,70,10,4:27pm,78,-1.326,-1.058,0.22,-2.156,-2.994,-4.321,297.1,0.214,0.611,0.375,121.385,36.933,1,6
pga,2023,2023,PGA Championship,33,"Koch, Greg",28323,CUT,2,Oak Hill Country Club,514,70,1,9:12am,74,-1.977,1.455,-2.495,1.838,0.797,-1.179,307.7,0.5,0.278,0.6,57.792,38.295,4,5
pga,2023,2023,PGA Championship,33,"Shattuck, Braden",31027,CUT,1,Oak Hill Country Club,514,70,1,8:50am,79,-0.067,0.064,-4.645,-0.672,-5.253,-5.321,292.5,0.286,0.389,0.556,105.361,35.023,3,7
pga,2023,2023,PGA Championship,33,"Shattuck, Braden",31027,CUT,2,Oak Hill Country Club,514,70,10,12:25pm,73,0.126,0.543,1.478,-2.326,-0.305,-0.179,293.1,0.214,0.556,0.429,58.931,31.197,5,6
pga,2023,2023,PGA Championship,33,"Kisner, Kevin",11328,CUT,1,Oak Hill Country Club,514,70,1,10:07am,75,2.292,-0.324,-1.957,-1.331,-3.612,-1.321,277.8,0.357,0.333,0.636,127.05,39.232,3,4
pga,2023,2023,PGA Championship,33,"Kisner, Kevin",11328,CUT,2,Oak Hill Country Club,514,70,10,1:42pm,78,-4.038,0.199,-0.898,-0.442,-1.142,-5.179,285.8,0.429,0.389,0.429,80.067,32.271,3,7
pga,2023,2023,PGA Championship,33,"Killeen, J.J.",12847,CUT,1,Oak Hill Country Club,514,70,10,4:16pm,73,0.991,1.297,-1.685,0.077,-0.312,0.679,298.6,0.429,0.333,0.583,58.533,48.833,6,7
pga,2023,2023,PGA Championship,33,"Killeen, J.J.",12847,CUT,2,Oak Hill Country Club,514,70,1,9:01am,80,-0.082,-2.623,-0.482,-3.993,-7.098,-7.179,290.6,0.071,0.389,0.364,43.323,38.287,4,7
pga,2023,2023,PGA Championship,33,"Strydom, Ockie",13731,CUT,1,Oak Hill Country Club,514,70,1,9:56am,77,-1.658,-0.46,-1.078,-0.124,-1.662,-3.321,276.8,0.5,0.389,0.417,65.488,39.023,2,3
pga,2023,2023,PGA Championship,33,"Strydom, Ockie",13731,CUT,2,Oak Hill Country Club,514,70,10,1:31pm,76,1.666,-0.66,-2.536,-1.649,-4.845,-3.179,294.1,0.357,0.278,0.692,59.345,42.639,5,7
pga,2023,2023,PGA Championship,33,"Lingmerth, David",14815,CUT,1,Oak Hill Country Club,514,70,1,10:29am,76,-0.942,0.174,-0.944,-0.609,-1.378,-2.321,271.6,0.571,0.444,0.455,122.083,39.028,0,3
pga,2023,2023,PGA Championship,33,"Lingmerth, David",14815,CUT,2,Oak Hill Country Club,514,70,10,2:04pm,77,0.693,-0.127,-1.788,-2.957,-4.872,-4.179,269.6,0.357,0.222,0.571,70.083,32.736,3,5
pga,2023,2023,PGA Championship,33,"Im, Sungjae",17488,CUT,1,Oak Hill Country Club,514,70,10,3:32pm,80,-2.559,-1.727,-2.142,0.107,-3.762,-6.321,292.1,0.143,0.333,0.312,77.741,38.306,3,7
pga,2023,2023,PGA Championship,33,"Im, Sungjae",17488,CUT,2,Oak Hill Country Club,514,70,1,8:17am,73,-1.099,0.044,-1.058,1.933,0.92,-0.179,298.8,0.857,0.5,0.727,60.375,32.411,3,8
pga,2023,2023,PGA Championship,33,"Schenk, Adam",19477,CUT,1,Oak Hill Country Club,514,70,10,9:06am,74,-1.928,0.817,1.113,-0.322,1.608,-0.321,290.5,0.286,0.556,0.571,40.867,29.013,4,7
pga,2023,2023,PGA Championship,33,"Schenk, Adam",19477,CUT,2,Oak Hill Country Club,514,70,1,12:41pm,79,-2.139,-2.157,0.159,-2.042,-4.04,-6.179,307.5,0.214,0.5,0.3,47.278,30.967,3,10
pga,2023,2023,PGA Championship,33,"Kern, Ben",25439,CUT,1,Oak Hill Country Club,514,70,10,2:26pm,76,-1.371,-0.028,-0.493,-0.429,-0.95,-2.321,287.9,0.214,0.444,0.3,89.929,27.833,2,3
pga,2023,2023,PGA Championship,33,"Kern, Ben",25439,CUT,2,Oak Hill Country Club,514,70,1,7:11am,77,-2.513,-1.503,-1.448,1.285,-1.667,-4.179,288.2,0.571,0.444,0.385,114.0,42.75,7,6
pga,2023,2023,PGA Championship,33,"Simpson, Webb",11049,CUT,1,Oak Hill Country Club,514,70,10,2:37pm,77,-0.432,-0.867,-0.724,-1.298,-2.889,-3.321,286.6,0.357,0.5,0.4,78.611,34.083,2,6
pga,2023,2023,PGA Championship,33,"Simpson, Webb",11049,CUT,2,Oak Hill Country Club,514,70,1,7:22am,77,-0.775,-1.779,-1.78,0.155,-3.405,-4.179,301.4,0.5,0.444,0.5,80.188,43.724,7,6
pga,2023,2023,PGA Championship,33,"Burns, Sam",19483,CUT,1,Oak Hill Country Club,514,70,10,3:21pm,74,1.333,-0.768,-1.856,0.97,-1.653,-0.321,309.4,0.429,0.556,0.429,103.95,36.474,8,4
pga,2023,2023,PGA Championship,33,"Burns, Sam",19483,CUT,2,Oak Hill Country Club,514,70,1,8:06am,80,-0.337,-4.531,-1.974,-0.338,-6.842,-7.179,291.9,0.429,0.389,0.412,78.655,32.515,5,9
pga,2023,2023,PGA Championship,33,"Wise, Aaron",22051,CUT,1,Oak Hill Country Club,514,70,10,3:54pm,75,-0.668,0.467,-1.157,0.037,-0.653,-1.321,300.4,0.357,0.556,0.5,118.431,25.756,3,5
pga,2023,2023,PGA Championship,33,"Wise, Aaron",22051,CUT,2,Oak Hill Country Club,514,70,1,8:39am,79,-0.608,-1.047,-3.107,-1.418,-5.572,-6.179,288.1,0.143,0.389,0.231,64.833,59.759,2,7
pga,2023,2023,PGA Championship,33,"French, Chris",24489,CUT,1,Oak Hill Country Club,514,70,1,9:01am,78,-1.466,-0.595,-2.06,-0.199,-2.855,-4.321,277.8,0.429,0.444,0.545,74.095,38.785,1,8
pga,2023,2023,PGA Championship,33,"French, Chris",24489,CUT,2,Oak Hill Country Club,514,70,10,12:36pm,77,-1.121,-0.268,-1.63,-1.161,-3.058,-4.179,274.6,0.5,0.444,0.375,81.694,37.346,3,8
pga,2023,2023,PGA Championship,33,"Droemer, Jesse",24584,CUT,1,Oak Hill Country Club,514,70,10,11:07am,77,-1.681,-1.428,0.476,-0.688,-1.64,-3.321,279.1,0.5,0.5,0.5,73.917,30.906,2,7
pga,2023,2023,PGA Championship,33,"Droemer, Jesse",24584,CUT,2,Oak Hill Country Club,514,70,1,2:42pm,79,-2.657,-2.728,-0.821,0.026,-3.522,-6.179,284.6,0.429,0.5,0.231,82.233,35.806,3,5
pga,2023,2023,PGA Championship,33,"Somers, John",26134,CUT,1,Oak Hill Country Club,514,70,1,3:04pm,76,0.824,-2.207,-0.737,-0.2,-3.144,-2.321,297.6,0.357,0.5,0.556,56.167,39.324,5,3
pga,2023,2023,PGA Championship,33,"Somers, John",26134,CUT,2,Oak Hill Country Club,514,70,10,7:49am,80,-0.995,-3.521,-1.488,-1.176,-6.185,-7.179,286.5,0.214,0.278,0.467,124.181,36.439,3,10
pga,2023,2023,PGA Championship,33,"Speight, Josh",8090,CUT,1,Oak Hill Country Club,514,70,10,8:55am,75,-1.657,0.067,0.891,-0.621,0.337,-1.321,269.0,0.643,0.556,0.571,61.028,35.137,2,3
pga,2023,2023,PGA Championship,33,"Speight, Josh",8090,CUT,2,Oak Hill Country Club,514,70,1,12:30pm,82,-2.117,-1.574,-4.137,-1.352,-7.062,-9.179,291.9,0.429,0.444,0.417,117.679,38.16,2,10
pga,2023,2023,PGA Championship,33,"Worthington II, Wyatt",22303,CUT,1,Oak Hill Country Club,514,70,1,9:12am,75,2.394,-1.714,-2.013,0.013,-3.715,-1.321,298.6,0.357,0.389,0.583,68.458,34.868,4,4
pga,2023,2023,PGA Championship,33,"Worthington II, Wyatt",22303,CUT,2,Oak Hill Country Club,514,70,10,12:47pm,82,0.684,-2.196,-4.188,-3.48,-9.864,-9.179,297.0,0.214,0.333,0.455,78.694,42.479,2,7
pga,2023,2023,PGA Championship,33,"Beach, Alex",23853,CUT,1,Oak Hill Country Club,514,70,1,2:42pm,80,-2.821,-0.532,-0.808,-2.159,-3.499,-6.321,292.6,0.214,0.278,0.25,79.5,28.856,3,9
pga,2023,2023,PGA Championship,33,"Beach, Alex",23853,CUT,2,Oak Hill Country Club,514,70,10,7:27am,77,-1.339,-1.852,-1.144,0.156,-2.841,-4.179,294.0,0.571,0.667,0.25,59.95,37.993,3,4
pga,2023,2023,PGA Championship,33,"Cordes, Anthony",27985,CUT,1,Oak Hill Country Club,514,70,1,11:02am,79,0.901,-2.602,-0.325,-3.295,-6.221,-5.321,253.4,0.5,0.278,0.5,30.833,38.75,3,9
pga,2023,2023,PGA Championship,33,"Cordes, Anthony",27985,CUT,2,Oak Hill Country Club,514,70,10,2:37pm,78,0.11,-1.247,-2.123,-1.919,-5.29,-5.179,263.7,0.571,0.278,0.538,77.083,46.694,2,8
pga,2023,2023,PGA Championship,33,"Grove, Russell",31029,CUT,1,Oak Hill Country Club,514,70,1,4:32pm,79,-1.958,0.618,-3.898,-0.082,-3.362,-5.321,307.2,0.429,0.611,0.25,85.726,48.947,5,8
pga,2023,2023,PGA Championship,33,"Grove, Russell",31029,CUT,2,Oak Hill Country Club,514,70,10,9:17am,79,-1.904,-1.759,-1.194,-1.322,-4.275,-6.179,286.4,0.429,0.444,0.333,62.569,34.818,2,11
pga,2023,2023,PGA Championship,33,"Pigman, Kenny",22916,CUT,1,Oak Hill Country Club,514,70,10,10:45am,81,-2.827,-1.279,-1.563,-1.651,-4.493,-7.321,271.1,0.429,0.389,0.333,79.156,34.556,4,7
pga,2023,2023,PGA Championship,33,"Pigman, Kenny",22916,CUT,2,Oak Hill Country Club,514,70,1,2:20pm,78,-0.971,-1.877,-1.488,-0.843,-4.208,-5.179,284.7,0.571,0.278,0.462,66.389,33.821,3,9
pga,2023,2023,PGA Championship,33,"Reynolds, Gabe",14264,CUT,1,Oak Hill Country Club,514,70,10,2:15pm,85,-1.479,-5.008,-5.023,0.189,-9.841,-11.321,302.9,0.286,0.222,0.294,75.463,38.565,1,8
pga,2023,2023,PGA Championship,33,"Reynolds, Gabe",14264,CUT,2,Oak Hill Country Club,514,70,1,7:00am,75,-1.987,-0.634,1.521,-1.08,-0.193,-2.179,290.9,0.286,0.611,0.5,73.986,39.615,3,7
pga,2023,2023,PGA Championship,33,"Micheel, Shaun",4377,CUT,1,Oak Hill Country Club,514,70,1,8:50am,81,-1.18,-2.102,-3.73,-0.31,-6.141,-7.321,276.9,0.429,0.278,0.533,111.905,38.826,2,9
pga,2023,2023,PGA Championship,33,"Micheel, Shaun",4377,CUT,2,Oak Hill Country Club,514,70,10,12:25pm,82,-3.098,-1.81,-3.957,-0.315,-6.082,-9.179,278.8,0.571,0.5,0.5,131.104,42.0,3,11
pga,2023,2023,PGA Championship,33,"Sanger, Chris",31028,CUT,1,Oak Hill Country Club,514,70,10,4:05pm,84,-2.5,-0.461,-4.129,-3.23,-7.82,-10.321,292.5,0.286,0.444,0.5,116.0,37.404,5,14
pga,2023,2023,PGA Championship,33,"Sanger, Chris",31028,CUT,2,Oak Hill Country Club,514,70,1,8:50am,81,-2.101,0.979,-6.023,-1.035,-6.079,-8.179,288.4,0.429,0.333,0.75,82.898,35.617,2,9
